ticker,style,entry_date,entry_price,qty,exit_date,exit_price,exit_reason,stop_loss,take_profit,entry_atr,n_adds,result_eur,result_pct
CTAS,MOMENTUM,2024-05-23,171.1257,2.9218,2024-05-28,166.6391,trailing_stop,166.6391,177.8556,2.2433,0,-13.11,-2.62
QCOM,MOMENTUM,2024-05-23,193.3166,2.5864,2024-05-28,207.6236,take_profit_atr,196.35625445991337,207.6236,4.769,0,37.0,7.4
IR,MOMENTUM,2024-05-23,94.9431,5.2663,2024-05-29,91.2139,trailing_stop,91.2139,100.5369,1.8646,0,-19.64,-3.93
ELV,VALUE,2024-05-24,503.3879,0.5218,2024-05-29,478.8074,stop_loss_atr,478.8074,527.9684,8.1935,0,-12.83,-4.88
HPE,MOMENTUM,2024-05-23,17.3129,28.8803,2024-05-31,16.8482,trailing_stop,16.848212266111318,18.4802,0.3891,0,-13.42,-2.68
MRVL,MOMENTUM,2024-05-23,74.5897,6.7033,2024-05-31,71.8764,trailing_stop,71.87635944529399,81.9028,2.4377,0,-18.19,-3.64
WM,VALUE,2024-05-31,204.6717,0.3636,2024-06-03,196.7355,stop_loss_atr,196.7355,212.6079,2.6454,0,-2.89,-3.88
JPM,MOMENTUM,2024-05-31,194.3078,0.383,2024-06-06,187.85,trailing_stop,187.85,203.9945,3.2289,0,-2.47,-3.32
ORCL,VALUE,2024-05-31,114.7731,0.6483,2024-06-07,122.2296,take_profit_atr,118.61499406048478,122.2296,2.4855,0,4.83,6.5
AVGO,VALUE,2024-05-31,130.2281,0.5714,2024-06-10,141.5453,take_profit_atr,134.45952435596294,141.5453,3.7724,0,6.47,8.69
CRWD,VALUE,2024-05-31,313.7484,0.1853,2024-06-10,353.8971,take_profit_atr,358.2142109863281,353.8971,13.3829,0,7.44,12.8
FAST,VALUE,2024-05-31,31.6193,2.3534,2024-06-11,30.0962,stop_loss_atr,30.0962,33.1424,0.5077,0,-3.58,-4.82
OTIS,MOMENTUM,2024-05-31,95.6699,0.7778,2024-06-11,93.3415,trailing_stop,93.34145241469429,100.3328,1.5543,0,-1.81,-2.43
PEP,VALUE,2024-05-31,156.8161,2.0683000000000002,2024-06-11,157.4397,value_trailing_stop,157.439740884578,164.0842,2.4227,1,1.29,0.4
LRCX,VALUE,2024-05-31,91.5774,0.8126,2024-06-12,99.6873,take_profit_atr,96.79742093906661,99.6873,2.7033,0,6.59,8.86
NOW,VALUE,2024-05-31,131.4188,0.5305,2024-06-12,145.4426,take_profit_atr,136.55079389648438,145.4426,4.6746,0,7.44,10.67
TJX,MOMENTUM,2024-05-31,100.5839,0.7398,2024-06-14,105.9563,take_profit_atr,101.66078825940762,105.9563,1.7908,0,3.97,5.34
ORLY,VALUE,2024-05-23,65.0743,7.6835,2024-06-17,67.5434,value_trailing_stop,67.54340067138672,68.5282,1.1513,0,18.97,3.79
NET,VALUE,2024-05-31,67.7069,0.0508,2024-06-17,76.8605,take_profit_atr,71.83760244140625,76.8605,3.0512,0,0.47,13.52
QCOM,MOMENTUM,2024-05-31,196.312,0.379,2024-06-17,213.1294,take_profit_atr,200.15782583517594,213.1294,5.6058,0,6.37,8.57
LEN,VALUE,2024-05-31,147.4462,2.2108,2024-06-18,139.4347,stop_loss_atr,139.4347,158.2495,3.6011,1,-17.71,-5.43
CMG,MOMENTUM,2024-06-17,68.2363,5.0215,2024-06-20,65.9581,trailing_stop,65.95814831542968,72.2002,1.3213,1,-11.44,-3.34
SMCI,VALUE,2024-05-23,84.7592,2.4401,2024-06-21,87.1754,value_trailing_stop,87.17540042724609,106.0991,7.1133,0,5.9,2.85
INTU,VALUE,2024-05-31,568.2438,0.131,2024-06-21,620.4381,take_profit_atr,590.1807902396248,620.4381,17.3981,0,6.84,9.19
WMB,MOMENTUM,2024-05-31,38.6385,1.9258,2024-06-21,40.5261,take_profit_atr,39.09486766310779,40.5261,0.6292,0,3.64,4.89
MRVL,VALUE,2024-05-31,68.4153,0.8311,2024-06-24,69.2792,value_trailing_stop,69.27920406518061,77.367,2.9839,0,0.72,1.26
WMT,MOMENTUM,2024-05-31,64.568,1.1525,2024-06-24,67.5077,take_profit_atr,65.32184785275186,67.5077,0.9799,0,3.39,4.55
LOW,VALUE,2024-05-23,209.387,2.3879,2024-06-25,212.159,value_trailing_stop,212.15903484732812,223.3715,4.6615,0,6.62,1.32
ADI,MOMENTUM,2024-05-31,227.252,0.3274,2024-06-25,220.4992,trailing_stop,220.49917677144083,243.4805,5.4095,0,-2.21,-2.97
DDOG,VALUE,2024-05-31,110.2075,0.5605,2024-06-26,123.4792,take_profit_atr,115.31720091552734,123.4792,4.4239,0,7.44,12.04
V,VALUE,2024-06-24,270.2152,1.2643,2024-06-28,261.1852,stop_loss_atr,261.1852,281.2543,3.6797,1,-11.42,-3.34
CL,MOMENTUM,2024-06-21,93.8933,3.6415,2024-07-01,91.7776,trailing_stop,91.77759220324586,97.28059999999999,1.1291,1,-7.7,-2.25
MDT,VALUE,2024-05-23,76.3142,3.276,2024-07-02,72.3995,stop_loss_atr,72.3995,80.2289,1.3049,0,-12.82,-5.13
CVI,VALUE,2024-05-31,26.7356,9.99999999997775e-05,2024-07-08,24.7147,stop_loss_atr,24.7147,29.271500000000003,0.8453,1,-0.0,-7.56
CMG,VALUE,2024-06-20,64.3045,1.4125,2024-07-08,59.3944,stop_loss_atr,59.3944,69.2146,1.6367,0,-6.94,-7.64
VLO,VALUE,2024-05-31,148.612,0.5007,2024-07-09,135.9529,stop_loss_atr,135.9529,161.2711,4.2197,0,-6.34,-8.52
BAC,VALUE,2024-06-21,37.9291,2.4018,2024-07-09,39.979,take_profit_atr,38.79994138743773,39.979,0.6833,0,4.92,5.4
MMM,MOMENTUM,2024-05-31,96.3319,0.7725,2024-07-10,95.312,trailing_stop,95.31204897496201,102.0277,1.8986,0,-0.79,-1.06
NFLX,MOMENTUM,2024-06-14,66.9547,1.3455,2024-07-11,66.0293,trailing_stop,66.0292505493164,71.4184,1.4879,0,-1.25,-1.38
CNX,VALUE,2024-06-21,24.166,3.7697,2024-07-11,25.8856,take_profit_atr,24.863600228881836,25.8856,0.5732,0,6.48,7.12
D,VALUE,2024-06-17,45.503,5.265,2024-07-12,48.0284,take_profit_atr,46.61275846219757,48.0284,0.8418,1,13.3,5.55
AMZN,MOMENTUM,2024-06-21,192.6579,2.5888,2024-07-15,192.4965,trailing_stop,192.4964969482422,203.1021,3.4814,2,-0.42,-0.08
AES,VALUE,2024-06-28,15.7486,20.413899999999998,2024-07-15,16.0019,value_trailing_stop,16.001925585027056,17.6077,0.6197,1,5.17,1.61
UNP,VALUE,2024-05-28,217.434,2.3038,2024-07-16,226.8667,value_trailing_stop,226.86672998324676,228.5748,3.7136,1,21.73,4.34
GWW,VALUE,2024-05-31,906.477,0.0821,2024-07-16,938.2096,value_trailing_stop,938.2096494662336,957.7923,17.1051,0,2.61,3.5
MS,MOMENTUM,2024-07-15,99.6217,1.1634,2024-07-16,99.0102,trailing_stop,99.01016924258059,104.6971,1.6918,0,-0.71,-0.61
TXN,MOMENTUM,2024-05-31,184.3294,0.4037,2024-07-17,196.1635,take_profit_atr,189.38085053773386,196.1635,3.9447,0,4.78,6.42
BSX,MOMENTUM,2024-05-31,77.2325,4.24,2024-07-18,76.1485,trailing_stop,76.14850335693359,80.6303,1.1326,1,-4.6,-1.4
ELV,VALUE,2024-05-31,507.8905,0.6413,2024-07-18,515.0737,value_trailing_stop,515.0737279277423,541.7647,11.2914,1,4.61,1.41
PEP,VALUE,2024-06-11,153.993,0.0021000000000002184,2024-07-18,161.4192,take_profit_atr,156.99141707836114,161.4192,2.4754,1,0.02,4.82
AR,VALUE,2024-06-21,30.4724,11.2366,2024-07-18,31.759,value_trailing_stop,31.75899969482422,33.563900000000004,1.0305,1,14.46,4.22
BKNG,MOMENTUM,2024-06-21,157.4395,0.5786,2024-07-18,156.7622,trailing_stop,156.76223575815368,165.5545,2.705,0,-0.39,-0.43
CVX,VALUE,2024-06-21,142.5987,0.6388,2024-07-18,150.2016,take_profit_atr,145.7573083500058,150.2016,2.5343,0,4.86,5.33
BX,MOMENTUM,2024-07-15,124.4267,0.9315,2024-07-18,125.2808,trailing_stop,125.28079228608776,132.4538,2.6757,0,0.8,0.69
GS,MOMENTUM,2024-07-15,481.8967,0.7661,2024-07-18,468.7632,trailing_stop,468.7632019617885,508.9666,9.0233,1,-10.06,-2.73
DHI,MOMENTUM,2024-07-17,154.1599,1.0479,2024-07-18,162.4934,trailing_stop,162.49342805783772,167.5501,4.4634,0,8.73,5.41
NFLX,VALUE,2024-07-18,64.3201,2.8094,2024-07-19,64.8422,value_trailing_stop,64.84220317382812,68.9023,1.5274,0,1.47,0.81
DIS,VALUE,2024-07-01,96.0813,1.6244999999999998,2024-07-23,90.9221,stop_loss_atr,90.9221,101.27969999999999,1.7328,1,-8.38,-5.37
HOOD,MOMENTUM,2024-07-15,23.946,4.8401,2024-07-24,22.2665,trailing_stop,22.2664991607666,27.0822,1.0454,0,-8.13,-7.01
EMR,MOMENTUM,2024-07-17,114.3363,1.4129,2024-07-24,110.3567,trailing_stop,110.3567,120.3057,1.9898,0,-5.62,-3.48
ABNB,VALUE,2024-06-21,149.6074,0.6089,2024-07-25,139.9645,stop_loss_atr,139.9645,159.2503,3.2143,0,-5.87,-6.45
BLK,MOMENTUM,2024-07-15,793.5166,0.1461,2024-07-25,792.866,trailing_stop,792.8660253643592,827.5132,11.3322,0,-0.1,-0.08
CDNS,VALUE,2024-07-17,281.8411,1.4636,2024-07-25,264.2379,stop_loss_atr,264.2379,305.79519999999997,7.9847,1,-25.76,-6.25
COIN,MOMENTUM,2024-07-19,257.8545,0.5985,2024-07-25,234.7837,trailing_stop,234.78373779296874,303.174,15.1065,0,-13.81,-8.95
UNP,MOMENTUM,2024-07-19,232.9108,0.7202,2024-07-25,225.3674,trailing_stop,225.3674,244.2259,3.7717,0,-5.43,-3.24
DXCM,VALUE,2024-05-31,116.1091,0.00010000000000002447,2024-07-25,107.823,EMA-50 abaixo de EMA-200 — tendência inv,106.9173,127.9915,3.9608,1,-0.0,-7.14
HOLX,MOMENTUM,2024-07-18,77.6794,2.3263,2024-07-30,79.3805,trailing_stop,79.38050152587891,81.6028,1.3078,0,3.96,2.19
A,VALUE,2024-05-31,129.1723,2.4817,2024-07-31,141.8269,take_profit_atr,133.59939362432948,141.82690000000002,4.2182,1,31.4,9.8
NEE,VALUE,2024-06-11,69.1649,1.2904,2024-08-01,74.381,take_profit_atr,71.06971007949575,74.381,1.7387,0,6.73,7.54
META,VALUE,2024-07-17,459.4495,0.3516,2024-08-01,493.6787,value_trailing_stop,493.6787187856688,505.1416,15.2307,0,12.03,7.45
CRM,VALUE,2024-05-31,233.1587,1.2951000000000001,2024-08-02,242.4143,value_trailing_stop,242.4143011052539,264.0092,10.2835,1,11.99,3.97
EQT,VALUE,2024-07-16,34.7681,0.01159999999999977,2024-08-02,32.164,stop_loss_atr,32.164,37.5395,0.9238,1,-0.03,-7.49
DDOG,VALUE,2024-07-17,121.1903,1.24,2024-08-02,108.1661,stop_loss_atr,108.1661,134.2145,4.3414,0,-16.15,-10.75
TSM,VALUE,2024-07-17,167.7618,2.3216,2024-08-02,148.2486,stop_loss_atr,148.24859999999998,187.275,6.5044,1,-45.3,-11.63
AR,VALUE,2024-07-18,29.0656,14.8856,2024-08-02,26.538,stop_loss_atr,26.538,32.005,0.9798,1,-37.62,-8.7
PHM,MOMENTUM,2024-07-18,123.6688,3.5059000000000005,2024-08-02,124.4049,trailing_stop,124.40490012779122,134.9605,3.7639,1,2.58,0.6
KMI,MOMENTUM,2024-07-19,19.7044,9.1786,2024-08-02,19.253,trailing_stop,19.252961729510897,20.7139,0.3365,0,-4.14,-2.29
SPOT,MOMENTUM,2024-07-23,330.8727,0.546,2024-08-02,329.4873,trailing_stop,329.48725,366.738,11.9551,0,-0.76,-0.42
GS,MOMENTUM,2024-08-01,482.4156,0.1444,2024-08-02,459.9956,trailing_stop,459.9956,516.0456,11.21,0,-3.24,-4.65
CEG,VALUE,2024-07-17,184.9284,1.9383,2024-08-05,157.2051,stop_loss_atr,157.20510000000002,212.6517,9.2411,1,-53.74,-14.99
CTAS,MOMENTUM,2024-07-18,186.5894,0.9685,2024-08-05,182.1474,trailing_stop,182.14736407434734,196.2821,3.2309,0,-4.3,-2.38
DHI,MOMENTUM,2024-07-18,169.7315,1.0646,2024-08-05,167.5914,trailing_stop,167.59139810987853,186.3506,5.5397,0,-2.28,-1.26
LEN,MOMENTUM,2024-07-18,159.8654,1.1303,2024-08-05,159.5288,trailing_stop,159.52877470638094,174.3212,4.8186,0,-0.38,-0.21
ETN,VALUE,2024-07-25,282.3637,1.0905,2024-08-05,257.5386,stop_loss_atr,257.5386,310.591,9.4091,1,-27.07,-8.79
CL,MOMENTUM,2024-07-31,95.2123,0.807,2024-08-05,95.9834,trailing_stop,95.98339589124478,99.9703,1.586,0,0.62,0.81
D,MOMENTUM,2024-08-02,51.7604,3.396,2024-08-05,49.7397,trailing_stop,49.73970384824176,55.0112,1.0836,0,-6.86,-3.9
HOOD,VALUE,2024-08-02,17.8845,4.8912,2024-08-05,14.2917,stop_loss_atr,14.2917,21.4773,1.1976,0,-17.57,-20.09
ABNB,VALUE,2024-08-05,125.3413,1.3368,2024-08-07,112.7035,stop_loss_atr,112.7035,137.9791,4.2126,0,-16.89,-10.08
APP,VALUE,2024-08-02,67.6102,4.9407,2024-08-13,80.008,take_profit_atr,71.90479816894532,80.00800000000001,4.1326,1,61.25,18.34
HOLX,MOMENTUM,2024-07-31,81.6304,0.9412,2024-08-15,80.679,trailing_stop,80.67899816894531,86.4196,1.5964,0,-0.9,-1.17
CDNS,VALUE,2024-08-02,249.6924,0.5647,2024-08-15,280.8132,take_profit_atr,260.52278901367185,280.8132,10.3736,0,17.57,12.46
AR,VALUE,2024-08-02,25.6879,14.909299999999998,2024-08-19,28.87,take_profit_atr,26.7585991607666,28.869999999999997,1.0607,1,47.44,12.39
AMD,VALUE,2024-08-02,132.5331,0.7251,2024-08-20,156.7686,take_profit_atr,145.8829932861328,156.7686,8.0785,0,17.57,18.29
SYK,VALUE,2024-07-31,322.1873,0.2385,2024-08-22,344.8466,take_profit_atr,330.0974351977089,344.8466,7.5531,0,5.4,7.03
GS,VALUE,2024-08-02,453.9792,0.3872,2024-08-23,492.0078,take_profit_atr,468.823532755001,492.0078,12.6762,0,14.72,8.38
HPE,VALUE,2024-08-02,16.453,24.0682,2024-08-23,18.3283,take_profit_atr,17.193882844837816,18.3283,0.6251,1,45.14,11.4
HOOD,VALUE,2024-08-07,17.1243,3.606,2024-08-23,21.1413,take_profit_atr,18.531999084472655,21.1413,1.339,0,14.49,23.46
VST,VALUE,2024-07-17,70.9992,4.5984,2024-08-26,85.8798,take_profit_atr,77.0237466338286,85.8798,4.9602,1,68.43,20.96
AMAT,VALUE,2024-08-02,178.8966,1.8862,2024-08-28,188.692,value_trailing_stop,188.69197491287406,210.0633,10.3889,1,18.48,5.48
LRCX,VALUE,2024-08-02,75.0764,1.2372,2024-08-29,78.5835,value_trailing_stop,78.58352753897539,89.2799,4.7345,0,4.34,4.67
BAC,VALUE,2024-08-02,36.0946,4.8699,2024-08-30,39.0184,take_profit_atr,37.285904626681706,39.0184,0.9746,0,14.24,8.1
WM,VALUE,2024-07-25,194.8943,0.6103,2024-09-03,206.8877,take_profit_atr,199.13016309350496,206.8877,3.9978,0,7.32,6.15
EOG,VALUE,2024-08-02,115.9772,1.5156,2024-09-03,118.0107,value_trailing_stop,118.01070623510867,124.5707,2.8645,0,3.08,1.75
VRTX,MOMENTUM,2024-08-30,496.014,0.3813,2024-09-03,477.5988,trailing_stop,477.5988,523.6368,9.2076,0,-7.02,-3.71
CMG,VALUE,2024-07-18,52.4133,7.7425999999999995,2024-09-04,52.967,value_trailing_stop,52.96699954223633,58.4328,2.0065,1,4.29,1.06
DDOG,VALUE,2024-08-02,107.2768,1.3147,2024-09-04,109.809,value_trailing_stop,109.80900122070312,120.6433,4.4555,0,3.33,2.36
MDT,MOMENTUM,2024-08-20,80.778,2.2994,2024-09-04,85.6683,take_profit_atr,82.46174425917752,85.6683,1.6301,0,11.24,6.05
ELV,MOMENTUM,2024-08-30,539.2725,0.3507,2024-09-04,528.0346,trailing_stop,528.0346387514029,564.6435,8.457,0,-3.94,-2.08
GOOGL,VALUE,2024-07-25,165.9722,1.8168,2024-09-06,153.5083,stop_loss_atr,153.5083,178.60459999999998,4.2108,1,-22.64,-7.51
T,MOMENTUM,2024-09-05,19.2703,21.874200000000002,2024-09-10,20.2054,take_profit_atr,19.427391848737965,20.205399999999997,0.3117,1,20.45,4.85
AMZN,VALUE,2024-08-05,161.0603,0.7874,2024-09-11,182.5154,take_profit_atr,170.68660549316405,182.5154,7.1517,0,16.89,13.32
AZO,MOMENTUM,2024-08-05,3113.208,0.0543,2024-09-11,3080.0033,trailing_stop,3080.00326953125,3298.0281,61.6067,0,-1.8,-1.07
OKE,MOMENTUM,2024-08-29,82.6524,2.2764,2024-09-11,81.9236,trailing_stop,81.92358657173925,86.637,1.3282,0,-1.66,-0.88
GILD,MOMENTUM,2024-09-06,74.8315,1.8883,2024-09-12,79.0201,take_profit_atr,77.18605373194497,79.0201,1.3962,0,7.91,5.6
ARM,VALUE,2024-08-02,111.0261,2.6207000000000003,2024-09-13,147.7173,take_profit_atr,125.46919267578124,147.7173,12.2304,1,96.16,33.05
BX,MOMENTUM,2024-08-23,131.6824,1.4337,2024-09-13,142.4656,take_profit_atr,134.56378266795227,142.4656,3.5944,0,15.46,8.19
D,MOMENTUM,2024-08-30,52.2157,3.6222,2024-09-16,54.6514,take_profit_atr,53.011872868765366,54.6514,0.8119,0,8.82,4.66
MSFT,VALUE,2024-08-02,402.2701,0.1247,2024-09-17,430.7314,take_profit_atr,416.82330485485505,430.7314,9.4871,0,3.55,7.08
NEE,MOMENTUM,2024-09-03,78.4148,5.702500000000001,2024-09-19,78.3963,trailing_stop,78.39629105203434,82.5728,1.386,1,-0.11,-0.02
GOOGL,VALUE,2024-09-06,148.5944,2.6874,2024-09-19,160.9409,take_profit_atr,154.6186272464335,160.9409,4.1155,1,33.18,8.31
T,MOMENTUM,2024-09-16,20.5908,7.2873,2024-09-19,19.853,trailing_stop,19.853,21.6975,0.3689,0,-5.38,-3.58
VST,MOMENTUM,2024-09-19,91.7649,1.8426,2024-09-20,97.6183,trailing_stop,97.61833754467916,103.4424,3.8925,0,10.79,6.38
OTIS,VALUE,2024-07-24,88.1764,0.7531,2024-09-24,94.2391,take_profit_atr,92.54825060789518,94.2391,2.0209,0,4.57,6.88
PR,VALUE,2024-09-06,12.2458,0.06390000000000375,2024-09-24,13.4728,take_profit_atr,12.758678030748206,13.4728,0.409,1,0.08,10.02
WFC,VALUE,2024-09-12,49.6671,2.0932,2024-09-26,51.7226,value_trailing_stop,51.72256463455028,54.5667,1.6332,0,4.3,4.14
RBLX,MOMENTUM,2024-08-21,44.6258,10.2995,2024-09-27,44.5783,trailing_stop,44.57825030517578,49.2479,1.5407,1,-0.49,-0.11
COIN,VALUE,2024-09-03,152.1341,2.2064,2024-09-27,190.8167,take_profit_atr,166.6615969482422,190.8167,12.8942,1,85.35,25.43
TSLA,MOMENTUM,2024-09-05,230.2275,0.7262,2024-09-30,263.1735,take_profit_atr,237.40498535156252,263.1735,10.982,0,23.93,14.31
BX,MOMENTUM,2024-09-13,145.0979,2.6993,2024-09-30,143.2317,trailing_stop,143.23167515048416,156.119,3.6737,1,-5.04,-1.29
MELI,MOMENTUM,2024-09-12,2140.6351,0.0486,2024-10-02,2028.8813,trailing_stop,2028.8813,2308.2658,55.8769,0,-5.43,-5.22
VST,MOMENTUM,2024-09-20,110.7487,3.9702,2024-10-02,124.9366,take_profit_atr,114.6739426675156,124.9366,4.7293,1,56.33,12.81
HON,VALUE,2024-07-25,182.9353,0.6502,2024-10-03,184.1894,value_trailing_stop,184.18938077489707,193.9315,3.6654,0,0.82,0.69
VLO,VALUE,2024-09-06,126.9532,0.00019999999999999285,2024-10-03,129.3974,value_trailing_stop,129.39744290767135,139.5718,4.2062,1,0.0,1.93
FANG,VALUE,2024-09-06,171.6473,2.3265,2024-10-04,185.6882,take_profit_atr,177.6985757166262,185.6882,4.6803,1,32.67,8.18
IBM,MOMENTUM,2024-09-17,204.477,0.7633,2024-10-04,215.7669,take_profit_atr,206.42603028011817,215.7669,3.7633,0,8.62,5.52
SHOP,MOMENTUM,2024-09-17,74.4686,2.096,2024-10-04,82.0244,take_profit_atr,76.34349938964844,82.0244,2.5186,0,15.84,10.15
SO,MOMENTUM,2024-09-03,83.9874,2.215,2024-10-07,83.7518,trailing_stop,83.75180330347469,87.5994,1.204,0,-0.52,-0.28
DHR,MOMENTUM,2024-09-09,270.2956,0.4972,2024-10-07,264.9549,trailing_stop,264.9548966538048,284.7097,4.8047,0,-2.66,-1.98
VST,MOMENTUM,2024-10-03,131.369,1.0955,2024-10-07,127.7144,trailing_stop,127.7144090176613,149.2979,5.9763,0,-4.0,-2.78
PG,VALUE,2024-09-20,166.3431,1.0166,2024-10-08,158.7399,stop_loss_atr,158.7399,173.9463,2.5344,0,-7.73,-4.57
OTIS,MOMENTUM,2024-09-24,98.4579,4.3993,2024-10-08,97.6506,trailing_stop,97.65063955509129,103.7265,1.7562,1,-3.55,-0.82
HOOD,MOMENTUM,2024-09-27,23.896,8.225,2024-10-08,23.4657,trailing_stop,23.465749237060546,26.6971,0.9337,0,-3.54,-1.8
ZS,VALUE,2024-09-04,160.7221,9.99999999997775e-05,2024-10-09,185.1703,take_profit_atr,170.1211981689453,185.1703,8.1494,1,0.0,15.21
BSX,MOMENTUM,2024-09-18,82.5906,1.8164,2024-10-09,86.547,take_profit_atr,83.69299786376953,86.547,1.3188,0,7.19,4.79
CEG,MOMENTUM,2024-09-20,257.2498,1.7148999999999999,2024-10-09,260.33,trailing_stop,260.3299932687034,287.8939,10.2147,1,5.28,1.2
VST,MOMENTUM,2024-10-07,130.1986,0.9673,2024-10-11,116.7846,trailing_stop,116.7846,150.3196,6.707,0,-12.98,-10.3
MSTR,MOMENTUM,2024-10-07,190.4793,2.0282999999999998,2024-10-14,223.6347,take_profit_atr,199.52049389648437,223.6347,11.0518,1,67.25,17.41
TJX,VALUE,2024-10-07,109.7709,1.1823,2024-10-15,114.966,take_profit_atr,111.70215324407181,114.966,1.7317,0,6.14,4.73
ELV,VALUE,2024-10-07,472.4462,0.8688,2024-10-16,476.0609,value_trailing_stop,476.0609278269626,501.5453,9.6997,1,3.14,0.77
DDOG,MOMENTUM,2024-10-10,130.1225,1.0458,2024-10-16,123.4815,trailing_stop,123.4815,140.084,3.3205,0,-6.95,-5.1
MS,MOMENTUM,2024-10-15,107.1642,1.343,2024-10-16,113.2566,take_profit_atr,110.87242079618575,113.2566,2.0308,0,8.18,5.69
NFLX,MOMENTUM,2024-09-19,70.4496,2.4001,2024-10-17,69.1682,trailing_stop,69.1682484741211,75.7677,1.7727,0,-3.08,-1.82
CL,VALUE,2024-10-04,95.0683,1.6491,2024-10-18,95.7447,value_trailing_stop,95.74472819271656,99.157,1.3629,0,1.12,0.71
ROST,VALUE,2024-10-07,137.9971,0.9405,2024-10-18,147.3853,take_profit_atr,142.36709293761209,147.3853,3.1294,0,8.83,6.8
NFLX,VALUE,2024-10-17,68.7822,2.9146,2024-10-18,73.4985,take_profit_atr,73.48379835205078,73.4985,1.5721,0,13.75,6.86
XYL,VALUE,2024-09-03,128.4027,1.4488,2024-10-21,130.361,value_trailing_stop,130.36100092175909,136.893,2.8301,0,2.84,1.53
NET,MOMENTUM,2024-10-10,92.4831,1.4714,2024-10-22,88.2085,trailing_stop,88.20850305175782,102.1929,3.2366,0,-6.29,-4.62
ADBE,VALUE,2024-09-13,521.9147,0.005800000000000011,2024-10-23,485.9691,stop_loss_atr,485.9691,572.9498000000001,17.0117,1,-0.21,-6.89
IBM,MOMENTUM,2024-10-23,222.2576,0.8669,2024-10-24,215.8236,trailing_stop,215.8236,231.9086,3.217,0,-5.58,-2.89
CAT,MOMENTUM,2024-09-24,377.3195,0.4308,2024-10-30,372.0764,trailing_stop,372.07643033010334,404.2238,8.9681,0,-2.26,-1.39
LMT,VALUE,2024-10-22,541.8254,0.8887,2024-10-30,523.1776,stop_loss_atr,523.1776,572.8318999999999,10.3355,1,-16.57,-3.44
GOOGL,MOMENTUM,2024-10-28,165.8042,0.5268,2024-10-30,173.1662,trailing_stop,173.1662012117023,175.1747,3.1235,0,3.88,4.44
MRK,VALUE,2024-07-31,106.683,9.999999999998895e-05,2024-10-31,96.7029,stop_loss_atr,96.7029,116.6631,3.3267,0,-0.0,-9.35
HOOD,MOMENTUM,2024-10-08,25.6441,15.5573,2024-10-31,26.0053,trailing_stop,26.005250762939454,28.727800000000002,1.0279,1,5.62,1.41
RBLX,VALUE,2024-10-08,40.5201,2.5628,2024-10-31,49.452,value_trailing_stop,49.452001525878906,45.3171,1.599,0,22.89,22.04
EXPE,MOMENTUM,2024-10-17,156.4446,1.2814,2024-10-31,153.4545,trailing_stop,153.4545129931888,167.8728,3.8094,0,-3.83,-1.91
TSM,MOMENTUM,2024-10-17,201.942,0.9927,2024-10-31,188.5838,trailing_stop,188.5838,221.9793,6.6791,0,-13.26,-6.61
MDT,MOMENTUM,2024-10-18,87.9565,2.3063,2024-10-31,85.6373,trailing_stop,85.6373,91.4353,1.1596,0,-5.35,-2.64
GM,MOMENTUM,2024-10-22,52.9477,3.8137,2024-10-31,49.9975,trailing_stop,49.9975,57.373,1.4751,0,-11.25,-5.57
ETN,MOMENTUM,2024-10-30,335.6088,0.2503,2024-10-31,323.4498,trailing_stop,323.4498,353.8473,6.0795,0,-3.04,-3.62
KMI,MOMENTUM,2024-10-10,22.6454,18.339199999999998,2024-11-01,22.7189,trailing_stop,22.71890342554549,23.732,0.3622,1,1.35,0.32
MAR,MOMENTUM,2024-10-07,251.2059,0.5166,2024-11-04,250.9761,trailing_stop,250.97606520115974,264.8946,4.5629,0,-0.12,-0.09
TRGP,MOMENTUM,2024-10-09,159.1588,2.6238,2024-11-05,164.2845,trailing_stop,164.28453008349925,169.5988,3.48,1,13.45,3.22
PH,VALUE,2024-10-30,614.4186,0.1367,2024-11-05,642.2046,take_profit_atr,624.9443349289096,642.2046,9.262,0,3.8,4.52
FAST,MOMENTUM,2024-10-11,36.9796,10.9616,2024-11-06,39.3835,take_profit_atr,38.583117959025,39.3835,0.8013,1,26.35,6.5
WFC,MOMENTUM,2024-10-14,59.8664,1.479,2024-11-06,67.6369,trailing_stop,67.63689795524002,64.5161,1.5499,0,11.49,12.98
MS,MOMENTUM,2024-10-16,114.1258,1.7778,2024-11-06,121.6711,take_profit_atr,122.19285288607084,121.6711,2.5151,0,13.41,6.61
KO,VALUE,2024-10-24,64.4523,2.7026,2024-11-06,61.3386,stop_loss_atr,61.3386,67.566,1.0379,0,-8.42,-4.83
CL,VALUE,2024-10-25,92.2346,2.1524,2024-11-06,87.4688,stop_loss_atr,87.4688,97.0004,1.5886,0,-10.26,-5.17
CAT,VALUE,2024-10-30,372.1109,0.2257,2024-11-06,396.5651,take_profit_atr,394.03130361449223,396.5651,8.1514,0,5.52,6.57
SBUX,MOMENTUM,2024-10-31,93.4578,1.011,2024-11-06,90.7363,trailing_stop,90.7362566799907,99.1056,1.8826,0,-2.75,-2.91
EXPE,MOMENTUM,2024-11-06,170.1475,1.1284,2024-11-08,183.1222,take_profit_atr,177.65428089109108,183.1222,4.3249,0,14.64,7.63
ABBV,MOMENTUM,2024-10-31,193.8508,0.4874,2024-11-11,187.0255,trailing_stop,187.0254932310034,204.5839,3.5777,0,-3.33,-3.52
CI,VALUE,2024-10-31,305.5735,0.3092,2024-11-11,331.8883,take_profit_atr,319.79340143577974,331.8883,8.7716,0,8.14,8.61
H,VALUE,2024-10-31,144.5993,0.6534,2024-11-11,156.1073,take_profit_atr,148.94723319448934,156.1073,3.836,0,7.52,7.96
CTRA,VALUE,2024-08-02,22.7379,9.999999999977885e-05,2024-11-13,24.4131,take_profit_atr,23.509725733248455,24.4131,0.5584,0,0.0,7.37
NFLX,MOMENTUM,2024-10-18,76.8811,6.2926,2024-11-13,82.9453,take_profit_atr,78.6454974975586,82.9453,2.0214,1,38.16,7.89
IQV,VALUE,2024-10-31,208.2963,0.01300000000000022,2024-11-13,212.9404,value_trailing_stop,212.94040366210936,227.7507,6.4848,1,0.06,2.23
LLY,VALUE,2024-10-31,779.5883,0.4808,2024-11-14,787.8332,value_trailing_stop,787.8331668728314,852.9893,24.467,1,3.96,1.06
GD,MOMENTUM,2024-11-06,299.7051,0.6406,2024-11-14,295.2897,trailing_stop,295.28967350057445,314.7519,5.0156,0,-2.83,-1.47
ADI,VALUE,2024-10-31,217.9371,0.4335,2024-11-15,201.0252,stop_loss_atr,201.0252,234.849,5.6373,0,-7.33,-7.76
DHR,VALUE,2024-10-31,243.3836,0.3882,2024-11-15,227.087,stop_loss_atr,227.087,259.6802,5.4322,0,-6.33,-6.7
IBM,VALUE,2024-10-31,197.401,0.4786,2024-11-15,198.464,value_trailing_stop,198.46400006322193,210.0241,4.2077,0,0.51,0.54
REGN,VALUE,2024-10-31,831.5415,0.0008999999999999987,2024-11-15,748.1847,stop_loss_atr,748.1847,914.8983,27.7856,0,-0.08,-10.02
COST,MOMENTUM,2024-11-08,936.4952,0.2192,2024-11-15,904.9754,trailing_stop,904.9754,983.7749,15.7599,0,-6.91,-3.37
SWK,VALUE,2024-10-30,87.2419,4.1388,2024-11-18,79.4755,stop_loss_atr,79.4755,95.6782,2.8121,1,-32.14,-8.9
RBLX,MOMENTUM,2024-10-31,51.7329,1.8264,2024-11-18,50.343,trailing_stop,50.342998474121096,57.4413,1.9028,0,-2.54,-2.69
SPOT,MOMENTUM,2024-11-13,467.4868,0.4162,2024-11-18,457.3985,trailing_stop,457.39850244140627,506.2366,12.9166,0,-4.2,-2.16
ELV,VALUE,2024-10-17,423.2593,9.999999999999293e-05,2024-11-19,380.6192,stop_loss_atr,380.6192,474.2269,16.9892,1,-0.0,-10.07
GM,MOMENTUM,2024-11-06,54.2484,3.5391,2024-11-19,54.6386,trailing_stop,54.638622838206786,58.8948,1.5488,0,1.38,0.72
APP,MOMENTUM,2024-11-15,291.1628,0.477,2024-11-20,338.3012,take_profit_atr,303.22498852539064,338.3012,15.7128,0,22.49,16.19
CNX,MOMENTUM,2024-11-06,37.1093,5.1736,2024-11-21,40.4294,take_profit_atr,38.30324969482422,40.4294,1.1067,0,17.18,8.95
DE,VALUE,2024-11-06,397.6443,0.4828,2024-11-21,418.1829,value_trailing_stop,418.1828969671989,420.1002,7.4853,0,9.92,5.17
OKE,MOMENTUM,2024-11-13,100.1976,1.9418,2024-11-21,106.353,take_profit_atr,103.4425261872768,106.353,2.0518,0,11.95,6.14
CL,VALUE,2024-11-06,87.0349,2.2059,2024-11-25,92.0803,take_profit_atr,88.98297912388236,92.0803,1.6818,0,11.13,5.8
ABBV,VALUE,2024-11-15,156.8816,0.9556,2024-11-25,171.2012,take_profit_atr,161.74532074697277,171.2012,4.7732,0,13.68,9.13
ADI,VALUE,2024-11-15,201.5657,0.7438,2024-11-25,218.5838,take_profit_atr,208.38297267315923,218.5838,5.6727,0,12.66,8.44
CEG,VALUE,2024-11-04,223.7474,0.3659,2024-11-26,255.3932,take_profit_atr,243.77753580854863,255.3932,10.5486,0,11.58,14.14
FANG,VALUE,2024-11-05,168.0461,0.9043,2024-11-26,169.6774,value_trailing_stop,169.67736207798137,181.8413,4.5984,0,1.48,0.97
WFC,MOMENTUM,2024-11-06,69.7959,0.8243,2024-11-26,75.3978,take_profit_atr,70.9935178085402,75.3978,1.8673,0,4.62,8.03
A,VALUE,2024-11-15,125.5676,0.1493,2024-11-26,126.8032,value_trailing_stop,126.80316050984563,136.3226,3.585,0,0.18,0.98
VZ,VALUE,2024-10-31,38.1795,2.4747,2024-11-27,40.3518,take_profit_atr,39.077331046588405,40.3518,0.7241,0,5.38,5.69
EXC,VALUE,2024-11-01,36.1442,3.1868,2024-11-27,38.0654,take_profit_atr,36.88317359892744,38.0654,0.6404,0,6.12,5.32
AR,MOMENTUM,2024-11-21,33.4084,4.3329,2024-12-02,31.8415,trailing_stop,31.841501525878908,36.7786,1.1234,0,-6.79,-4.69
MMM,VALUE,2024-10-22,125.2363,3.8345,2024-12-04,126.6553,value_trailing_stop,126.65531613565832,132.8971,2.5536,1,5.44,1.13
HOOD,MOMENTUM,2024-11-18,35.0088,1.6467,2024-12-04,40.3632,take_profit_atr,36.107999694824215,40.3632,1.7848,0,8.82,15.29
PG,MOMENTUM,2024-11-22,169.2995,0.8432,2024-12-04,167.1882,trailing_stop,167.1881535898242,176.564,2.4215,0,-1.78,-1.25
WMT,MOMENTUM,2024-11-22,89.0538,1.411,2024-12-05,93.5202,take_profit_atr,90.38912683006107,93.5202,1.4888,0,6.3,5.02
SO,VALUE,2024-10-30,84.4125,0.9951,2024-12-06,80.508,stop_loss_atr,80.508,88.317,1.3015,0,-3.89,-4.63
DE,MOMENTUM,2024-11-21,434.7472,0.9968,2024-12-06,434.2395,trailing_stop,434.23953358569264,465.5917,10.2815,1,-0.51,-0.12
RRC,MOMENTUM,2024-11-21,35.0755,4.127,2024-12-06,33.8194,trailing_stop,33.81942983503477,37.9564,0.9603,0,-5.18,-3.58
NFLX,MOMENTUM,2024-11-25,86.5806,2.2564,2024-12-06,92.8131,take_profit_atr,88.3332504272461,92.8131,2.0775,0,14.06,7.2
KLAC,VALUE,2024-10-17,625.3292,0.00010000000000011116,2024-12-06,641.0325,EMA-50 abaixo de EMA-200 — tendência inv,560.2062,726.3155,33.6621,1,0.0,2.51
DRI,MOMENTUM,2024-11-25,167.5601,1.2445,2024-12-09,159.7333,trailing_stop,159.73328681706278,179.7128,4.0509,0,-9.74,-4.67
GOOGL,VALUE,2024-11-21,166.7092,0.8683,2024-12-10,180.1237,take_profit_atr,176.559397306232,180.1237,4.4715,0,11.65,8.05
HPE,MOMENTUM,2024-12-09,22.2257,3.9111,2024-12-11,20.6585,trailing_stop,20.6585,24.5765,0.7836,0,-6.13,-7.05
DHI,VALUE,2024-10-31,159.0972,3.7855,2024-12-12,161.5046,value_trailing_stop,161.50459975237405,176.09369999999998,5.6655,2,9.11,1.51
LEN,VALUE,2024-11-06,152.9559,3.1235,2024-12-12,159.175,value_trailing_stop,159.1749663435232,168.86100000000002,5.3017,1,19.43,4.07
GD,VALUE,2024-11-19,272.3757,1.5127000000000002,2024-12-12,254.1358,stop_loss_atr,254.1358,291.2256,6.2833,1,-27.59,-6.7
DHR,VALUE,2024-11-15,228.0795,0.0001000000000000251,2024-12-12,232.2109,EMA-50 abaixo de EMA-200 — tendência inv,211.9298,244.5138,5.4781,1,0.0,1.81
GS,MOMENTUM,2024-11-06,578.2831,0.332,2024-12-17,560.6616,trailing_stop,560.6616163627691,621.328,14.3483,0,-5.85,-3.05
ISRG,MOMENTUM,2024-10-18,529.726,0.923,2024-12-18,526.3045,trailing_stop,526.30448046875,565.6366,11.9702,1,-3.16,-0.65
CSCO,MOMENTUM,2024-11-15,55.4309,2.7047,2024-12-18,55.7601,trailing_stop,55.7600609930922,58.2251,0.9314,0,0.89,0.59
BKNG,MOMENTUM,2024-11-25,202.0999,1.0318,2024-12-18,201.3324,trailing_stop,201.33240825763414,214.2202,4.0401,0,-0.79,-0.38
XOM,VALUE,2024-12-10,106.742,3.693,2024-12-18,101.5819,stop_loss_atr,101.5819,112.42070000000001,1.8929,1,-19.06,-4.83
BLK,MOMENTUM,2024-12-11,1038.3424,0.1012,2024-12-18,999.7656,trailing_stop,999.7656,1096.2076,19.2884,0,-3.9,-3.72
AVGO,MOMENTUM,2024-12-16,238.6541,1.4562000000000002,2024-12-18,225.8015,trailing_stop,225.8015,269.9171,10.421,1,-18.72,-5.39
AMGN,VALUE,2024-11-15,267.0296,0.0063,2024-12-19,245.2304,stop_loss_atr,245.2304,290.4533,7.8079,1,-0.14,-8.16
EOG,VALUE,2024-12-11,116.2959,4.9114,2024-12-19,113.4047,stop_loss_atr,113.4047,124.11240000000001,2.6055,2,-14.2,-2.49
LEN,VALUE,2024-12-12,145.8474,2.7574,2024-12-19,133.8228,stop_loss_atr,133.8228,158.6049,4.2525,1,-33.16,-8.24
TOL,VALUE,2024-12-12,133.4566,2.9623,2024-12-19,122.2595,stop_loss_atr,122.2595,148.01260000000002,4.852,1,-33.17,-8.39
CVX,VALUE,2024-12-16,139.1454,2.4975,2024-12-19,132.3253,stop_loss_atr,132.3253,146.9322,2.5956,1,-17.03,-4.9
NSC,VALUE,2024-12-11,228.0836,1.6782,2024-12-20,231.6631,value_trailing_stop,231.6630610506248,245.147,5.6878,1,6.01,1.57
AR,VALUE,2024-12-20,30.9377,1.6591,2024-12-30,34.2065,take_profit_atr,34.0708,34.2065,1.0896,0,5.42,10.57
PLTR,MOMENTUM,2024-12-16,75.7689,0.7605,2024-12-31,74.6985,trailing_stop,74.6984970703125,87.8871,4.0394,0,-0.81,-1.41
AAPL,MOMENTUM,2024-12-20,252.9376,0.2145,2025-01-02,247.8145,trailing_stop,247.81449034869075,265.6987,4.2537,0,-1.1,-2.03
LMT,VALUE,2024-12-12,479.9523,0.236,2025-01-06,452.0289,stop_loss_atr,452.0289,507.8757,9.3078,0,-6.59,-5.82
MS,VALUE,2024-12-18,116.0707,2.8937999999999997,2025-01-06,123.967,take_profit_atr,119.7811294562888,123.967,2.6321,1,22.85,6.8
CVX,VALUE,2024-12-19,132.4104,0.4916,2025-01-06,140.7105,take_profit_atr,135.4533764250466,140.7105,2.7667,0,4.08,6.27
NOC,VALUE,2024-12-05,469.9972,0.3245,2025-01-07,444.3391,stop_loss_atr,444.3391,495.6553,8.5527,0,-8.33,-5.46
BAC,VALUE,2024-12-18,42.7713,5.3673,2025-01-07,45.2565,take_profit_atr,43.6809062249016,45.256499999999996,0.8284,1,13.34,5.81
EXPE,VALUE,2024-12-18,174.484,0.3334,2025-01-08,179.0392,value_trailing_stop,179.0392334411059,188.4616,4.6592,0,1.52,2.61
GS,VALUE,2024-12-18,547.5139,0.3725,2025-01-10,553.8966,value_trailing_stop,553.8966343542817,584.7658,12.4173,1,2.38,1.17
EXC,VALUE,2024-12-12,35.2727,11.401499999999999,2025-01-13,35.6234,value_trailing_stop,35.623377066067775,37.0601,0.5958,1,4.0,0.99
LVS,VALUE,2024-12-18,49.4144,1.1772,2025-01-13,45.1955,stop_loss_atr,45.1955,53.6333,1.4063,0,-4.97,-8.54
GOOGL,MOMENTUM,2024-12-20,190.5768,0.2846,2025-01-13,186.7413,trailing_stop,186.74128149676548,206.5773,5.3335,0,-1.09,-2.01
NOC,VALUE,2025-01-07,443.3598,0.2301,2025-01-13,451.88,value_trailing_stop,451.8799987116961,467.1555,7.9319,0,1.96,1.92
GD,VALUE,2024-12-12,257.6775,0.00010000000000001297,2025-01-13,256.0584,EMA-50 abaixo de EMA-200 — tendência inv,242.0061,273.3489,5.2238,1,-0.0,-0.63
GE,VALUE,2024-12-12,159.9607,2.4532,2025-01-14,172.7782,take_profit_atr,168.08967761767627,172.7782,4.2725,1,31.44,8.01
RRC,MOMENTUM,2024-12-30,35.7214,10.7239,2025-01-14,38.9617,take_profit_atr,36.58433088498164,38.9617,1.0801,1,34.75,9.07
BLK,VALUE,2025-01-07,938.001,0.40140000000000003,2025-01-15,998.9193,take_profit_atr,958.6763296149376,998.9193,20.3061,1,24.45,6.49
UNH,VALUE,2024-12-16,482.8862,0.1172,2025-01-16,495.1727,value_trailing_stop,495.17265201735574,535.3103,17.4747,0,1.44,2.54
SYK,VALUE,2024-12-19,352.1822,0.1604,2025-01-16,372.7688,take_profit_atr,363.5759040762942,372.7688,6.8622,0,3.3,5.85
HD,VALUE,2024-12-18,374.7033,0.8964,2025-01-17,398.2338,take_profit_atr,385.99608485148696,398.23380000000003,7.8435,1,21.09,6.28
LOW,VALUE,2024-12-18,238.4405,1.4087,2025-01-17,254.2898,take_profit_atr,243.9384459972608,254.28979999999999,5.2831,1,22.33,6.65
NEE,VALUE,2025-01-13,64.5108,3.1634,2025-01-17,68.8032,take_profit_atr,66.33343200126536,68.8032,1.4308,0,13.58,6.65
D,VALUE,2024-12-12,50.0396,7.841899999999999,2025-01-21,53.288,take_profit_atr,51.27002372588675,53.288,1.0828,1,25.47,6.49
DHI,VALUE,2024-12-18,135.6179,0.00010000000000023068,2025-01-21,142.6857,value_trailing_stop,142.68566899334792,148.8635,4.4152,1,0.0,5.21
IR,VALUE,2025-01-07,88.3277,4.364,2025-01-21,94.4078,take_profit_atr,90.45571554802073,94.4078,2.0267,1,26.53,6.88
MMM,MOMENTUM,2025-01-17,137.1237,1.4972,2025-01-21,144.8778,take_profit_atr,139.3469808861306,144.8778,2.5847,0,11.61,5.65
ARM,VALUE,2024-10-23,142.4456,0.9278,2025-01-22,169.0382,value_trailing_stop,169.0382048828125,163.2083,6.9209,0,24.67,18.67
SO,VALUE,2024-12-11,77.6853,5.0139,2025-01-22,78.817,value_trailing_stop,78.81704986476879,81.5358,1.2835,1,5.67,1.46
AR,MOMENTUM,2024-12-30,37.778,13.8328,2025-01-22,41.3444,take_profit_atr,38.557998779296874,41.3444,1.1888,2,49.33,9.44
OTIS,VALUE,2025-01-07,88.9564,3.2772,2025-01-22,93.3478,take_profit_atr,90.48406442818528,93.3478,1.4638,1,14.39,4.94
LNG,MOMENTUM,2025-01-15,242.4855,0.8663,2025-01-22,241.2943,trailing_stop,241.2942723084156,257.7678,5.0941,0,-1.03,-0.49
VZ,VALUE,2025-01-06,35.3878,11.1384,2025-01-24,36.3869,value_trailing_stop,36.38691341014183,37.0714,0.5612,1,11.13,2.82
ISRG,MOMENTUM,2025-01-17,600.9187,0.7030000000000001,2025-01-24,580.2843,trailing_stop,580.28425,643.7775999999999,14.2863,1,-14.51,-3.43
ADI,VALUE,2024-12-20,207.7457,0.2611,2025-01-27,212.4328,value_trailing_stop,212.43275032706188,225.1304,5.7949,0,1.22,2.26
AVGO,MOMENTUM,2024-12-20,217.8256,0.2365,2025-01-27,218.172,trailing_stop,218.17200854272534,252.2236,11.466,0,0.08,0.16
CL,VALUE,2025-01-06,84.4495,0.0005999999999999479,2025-01-27,88.6459,take_profit_atr,85.86307913439714,88.6459,1.3988,0,0.0,4.97
PG,VALUE,2025-01-06,154.7338,2.4933,2025-01-27,161.7811,take_profit_atr,159.46658570900019,161.7811,2.3491,1,17.57,4.55
ETN,MOMENTUM,2025-01-22,364.4545,0.534,2025-01-27,349.8356,trailing_stop,349.8356453264594,389.8615,8.469,0,-7.81,-4.01
KMI,MOMENTUM,2025-01-22,28.9372,6.7258,2025-01-27,27.927,trailing_stop,27.92695261998896,30.7273,0.5967,0,-6.79,-3.49
KO,VALUE,2024-11-06,60.6594,0.00010000000000001189,2025-01-27,61.6006,EMA-50 abaixo de EMA-200 — tendência inv,57.8999,63.7641,1.0349,1,0.0,1.55
NVR,VALUE,2024-12-18,8067.6854,0.0712,2025-01-28,8177.4703,value_trailing_stop,8177.4702828125,8704.6748,212.3298,2,7.82,1.36
NET,MOMENTUM,2025-01-27,126.5016,1.2053,2025-01-28,129.7065,trailing_stop,129.7065,139.1538,4.2174,0,3.86,2.53
CMCSA,VALUE,2024-12-09,34.7889,0.00010000000000001211,2025-01-28,33.403,EMA-50 abaixo de EMA-200 — tendência inv,31.999499999999998,37.5783,0.9298,1,-0.0,-3.98
PHM,VALUE,2024-12-18,110.2002,0.0009000000000000037,2025-01-29,111.8006,value_trailing_stop,111.80057625988177,121.1673,3.6557,0,0.0,1.45
SYK,MOMENTUM,2025-01-21,391.262,0.5501,2025-01-29,382.8159,trailing_stop,382.8158602090088,413.5412,7.4264,0,-4.65,-2.16
CARR,VALUE,2025-01-23,68.6614,2.8131,2025-01-29,64.4416,stop_loss_atr,64.4416,72.8812,1.4066,0,-11.87,-6.15
IBM,VALUE,2024-12-20,214.9719,0.2523,2025-01-30,242.5917,value_trailing_stop,242.5916648285372,228.9423,4.6568,0,6.97,12.85
HOOD,MOMENTUM,2025-01-15,45.5714,4.0522,2025-01-30,53.3456,take_profit_atr,47.031498321533206,53.3456,2.5914,0,31.5,17.06
LVS,VALUE,2025-01-21,43.1564,11.9253,2025-01-31,44.4648,value_trailing_stop,44.46482935043944,47.2361,1.3599,1,15.6,3.03
CMG,VALUE,2025-01-21,56.0391,9.1838,2025-02-03,56.878,value_trailing_stop,56.87799969482422,60.0771,1.346,1,7.7,1.5
DE,MOMENTUM,2025-01-23,467.0642,0.4135,2025-02-03,451.9924,trailing_stop,451.9923582294314,498.1358,10.3572,0,-6.23,-3.23
COST,MOMENTUM,2025-01-27,957.7793,0.1592,2025-02-04,1009.643,take_profit_atr,972.9480438556128,1009.643,17.2879,0,8.26,5.41
EMR,MOMENTUM,2025-01-21,127.3008,4.0511,2025-02-05,122.1177,trailing_stop,122.11772662353266,135.3561,2.6851,1,-21.0,-4.07
META,MOMENTUM,2025-01-24,661.3264,0.7324999999999999,2025-02-05,713.1673,take_profit_atr,672.06952526588,713.1673000000001,17.2803,1,37.97,7.84
BSX,MOMENTUM,2025-02-04,103.5659,1.8482,2025-02-05,102.9275,trailing_stop,102.9274981689453,108.6569,1.697,0,-1.18,-0.62
HOLX,VALUE,2024-12-16,71.661,9.999999999997873e-05,2025-02-06,67.2435,stop_loss_atr,67.2435,76.8756,1.7382,1,-0.0,-6.16
JPM,MOMENTUM,2025-01-15,249.9241,2.0256,2025-02-06,264.2176,take_profit_atr,258.1215635723906,264.2176,4.7645,1,28.95,5.72
EQT,VALUE,2025-01-27,47.6279,3.1075,2025-02-06,52.5335,take_profit_atr,49.3567235634301,52.5335,1.6352,0,15.24,10.3
RBLX,MOMENTUM,2025-01-31,73.9787,6.2326,2025-02-06,70.3097,trailing_stop,70.30974786376953,80.495,2.1721,1,-22.87,-4.96
ROK,VALUE,2025-02-06,262.5586,2.0092,2025-02-10,289.6344,value_trailing_stop,289.63441700604875,280.7395,6.0603,1,54.4,10.31
AR,VALUE,2025-01-27,36.3591,3.6433,2025-02-11,40.5432,take_profit_atr,37.87059984741211,40.5432,1.3947,0,15.24,11.51
EXC,MOMENTUM,2025-01-28,38.097,4.2549,2025-02-11,40.4883,take_profit_atr,38.63002118782396,40.4883,0.7971,0,10.17,6.28
NFLX,MOMENTUM,2025-01-22,95.4229,2.0396,2025-02-14,105.0217,take_profit_atr,98.45099694824219,105.0217,3.1996,0,19.58,10.06
ORCL,VALUE,2025-01-27,156.1859,0.6824,2025-02-18,178.5233,take_profit_atr,164.89234948336602,178.5233,7.4458,0,15.24,14.3
SNOW,MOMENTUM,2025-01-27,175.5639,0.8685,2025-02-18,193.8243,take_profit_atr,179.18299389648436,193.8243,6.0868,0,15.86,10.4
MDT,MOMENTUM,2025-02-14,89.2658,2.515,2025-02-18,86.4328,trailing_stop,86.4328,93.5153,1.4165,0,-7.12,-3.17
BAC,MOMENTUM,2025-01-16,45.3393,4.677,2025-02-19,44.204,trailing_stop,44.20404170705736,48.2508,0.9705,0,-5.31,-2.5
TXN,VALUE,2025-01-27,179.1089,0.006699999999999988,2025-02-20,195.2282,take_profit_atr,186.260175733369,195.2282,5.3731,0,0.11,9.0
CDNS,VALUE,2025-01-27,276.3113,1.6585,2025-02-21,289.873,value_trailing_stop,289.8730146484375,306.33680000000004,10.0085,1,22.49,4.91
CEG,VALUE,2025-01-27,275.7922,1.3394,2025-02-21,287.5551,value_trailing_stop,287.5550785780761,335.1139,19.7739,1,15.76,4.27
TSM,VALUE,2025-01-27,189.2674,0.567,2025-02-21,193.6203,value_trailing_stop,193.62028594415685,216.1552,8.9626,0,2.47,2.3
OTIS,VALUE,2025-01-29,92.0252,1.7454,2025-02-21,97.2011,take_profit_atr,93.89628859618448,97.2011,1.7253,0,9.03,5.62
EQT,MOMENTUM,2025-02-19,53.4667,3.7597,2025-02-21,50.0611,trailing_stop,50.0611,58.5751,1.7028,0,-12.8,-6.37
BSX,MOMENTUM,2025-02-05,104.9962,1.8397,2025-02-25,101.936,trailing_stop,101.93600122070312,110.737,1.9136,0,-5.63,-2.91
CARR,VALUE,2025-01-29,62.6004,3.7066,2025-02-26,67.1265,take_profit_atr,64.11402201103479,67.1265,1.5087,1,16.78,7.23
GOOGL,VALUE,2025-02-05,180.4228,2.7855,2025-02-26,172.9822,stop_loss_atr,172.9822,197.9377,5.8383,1,-20.73,-4.12
SBUX,MOMENTUM,2025-01-29,104.5078,0.9175,2025-02-27,111.5212,take_profit_atr,106.09272642771727,111.5212,2.3378,0,6.43,6.71
MDT,VALUE,2025-02-18,82.7832,2.7299,2025-02-28,88.3263,take_profit_atr,85.15385061192022,88.3263,1.8477,0,15.13,6.7
MA,MOMENTUM,2025-01-31,551.4318,0.2757,2025-03-04,554.4464,trailing_stop,554.4464188167285,579.5694,9.3792,0,0.83,0.55
PYPL,VALUE,2025-02-11,74.5358,6.941000000000001,2025-03-04,67.664,stop_loss_atr,67.664,82.6955,2.7199,1,-47.7,-9.22
A,VALUE,2025-02-18,133.263,4.0176,2025-03-04,123.6143,stop_loss_atr,123.6143,143.4972,3.4114,1,-38.76,-7.24
BSX,VALUE,2025-02-25,100.7452,1.8322,2025-03-06,101.5078,value_trailing_stop,101.50779969482421,106.8385,2.0311,0,1.4,0.76
RBLX,VALUE,2025-02-06,67.1368,2.3192,2025-03-07,57.5848,stop_loss_atr,57.5848,76.6888,3.184,0,-22.15,-14.23
WMT,VALUE,2025-02-20,95.9321,2.1614,2025-03-07,89.8847,stop_loss_atr,89.8847,101.9795,2.0158,0,-13.07,-6.3
AZO,MOMENTUM,2025-02-03,3469.0716,0.1162,2025-03-10,3663.759,take_profit_atr,3542.190431640625,3663.759,64.8958,1,22.62,5.61
MSTR,VALUE,2025-02-25,252.6681,2.3861,2025-03-10,273.1446,value_trailing_stop,273.1446024414063,324.3612,23.8977,2,48.86,8.1
MS,VALUE,2025-03-04,116.4777,3.1238,2025-03-10,105.9606,stop_loss_atr,105.9606,128.4519,3.9914,1,-32.85,-9.03
NOW,VALUE,2025-03-04,181.2633,0.7084,2025-03-10,162.2523,stop_loss_atr,162.2523,200.2743,6.337,0,-13.47,-10.49
HON,VALUE,2025-02-06,189.2741,2.7871,2025-03-11,191.054,value_trailing_stop,191.0539859961242,203.42180000000002,4.7159,1,4.96,0.94
ABT,MOMENTUM,2025-03-06,131.7984,1.3759,2025-03-11,129.2191,trailing_stop,129.21905746114962,139.6182,2.6066,0,-3.55,-1.96
AZO,MOMENTUM,2025-03-10,3691.0426,0.0174,2025-03-11,3553.8188,trailing_stop,3553.8188,3896.8783,68.6119,0,-2.39,-3.72
PG,MOMENTUM,2025-03-04,167.3365,0.805,2025-03-12,165.8685,trailing_stop,165.8685051879929,176.9422,3.2019,0,-1.18,-0.88
GILD,MOMENTUM,2025-03-07,113.6003,0.8535,2025-03-12,109.7198,trailing_stop,109.71980202504326,121.1828,2.5275,0,-3.31,-3.42
CTRA,VALUE,2025-02-25,26.2657,7.0278,2025-03-24,28.5217,take_profit_atr,27.06713306153802,28.5217,0.752,0,15.85,8.59
ABBV,MOMENTUM,2025-03-21,201.5721,0.4789,2025-03-25,193.1669,trailing_stop,193.1669,214.1799,4.2026,0,-4.03,-4.17
ETN,VALUE,2025-02-27,278.1212,0.00010000000000000076,2025-03-25,295.4555,EMA-50 abaixo de EMA-200 — tendência inv,254.0324,309.1688,10.3492,1,0.0,6.23
BAC,VALUE,2025-03-10,38.9636,1.6488,2025-03-26,42.7106,take_profit_atr,40.26027076448614,42.7106,1.249,0,6.18,9.62
GM,VALUE,2025-01-31,47.3313,9.1737,2025-03-28,48.8299,value_trailing_stop,48.82993193060705,53.2164,1.9617,1,13.75,3.17
COIN,VALUE,2025-02-24,198.8639,0.41839999999999977,2025-03-28,173.7598,stop_loss_atr,173.7598,252.23090000000002,17.789,2,-10.5,-12.62
GOOGL,VALUE,2025-02-27,166.4925,2.4913999999999996,2025-03-28,153.5921,stop_loss_atr,153.5921,180.6669,4.7248,1,-32.14,-7.75
A,VALUE,2025-03-04,124.2138,9.999999999975218e-05,2025-03-31,113.3634,stop_loss_atr,113.36340000000001,135.0642,3.6168,1,-0.0,-8.74
BX,VALUE,2025-03-04,137.7475,4.4914000000000005,2025-03-31,128.3623,stop_loss_atr,128.3623,153.8503,5.3676,2,-42.15,-6.81
BKNG,VALUE,2025-03-10,173.5266,2.0982,2025-03-31,179.12,value_trailing_stop,179.1200173548051,191.0931,5.8555,1,11.74,3.22
COST,VALUE,2025-03-10,925.1508,0.31989999999999996,2025-03-31,935.5572,value_trailing_stop,935.5571867544847,1004.0292,26.2928,1,3.33,1.12
AMGN,MOMENTUM,2025-03-21,304.206,0.3173,2025-04-02,291.2028,trailing_stop,291.2028,323.7108,6.5016,0,-4.13,-4.27
CAT,VALUE,2025-02-21,336.2592,0.0004,2025-04-03,311.0799,stop_loss_atr,311.0799,361.43850000000003,8.3931,1,-0.01,-7.49
AMZN,VALUE,2025-03-04,200.6595,2.2119,2025-04-03,184.1653,stop_loss_atr,184.1653,220.3452,6.5619,1,-36.48,-8.22
CRM,VALUE,2025-03-04,274.7584,1.5749,2025-04-03,255.9501,stop_loss_atr,255.9501,303.6436,9.6284,1,-29.62,-6.85
DIS,VALUE,2025-03-10,98.497,3.396,2025-04-03,93.5423,stop_loss_atr,93.5423,106.9327,2.8119,1,-16.83,-5.03
EMR,VALUE,2025-03-21,110.8385,0.871,2025-04-03,101.6795,stop_loss_atr,101.6795,119.9975,3.053,0,-7.98,-8.26
CNX,VALUE,2025-01-06,29.1462,21.259700000000002,2025-04-04,29.5714,value_trailing_stop,29.571401525878905,33.7641,1.5393,2,9.04,1.46
KMI,VALUE,2025-01-27,25.816,5.9064,2025-04-04,26.1247,value_trailing_stop,26.12471126623609,28.1326,0.7722,0,1.82,1.2
VST,VALUE,2025-02-25,137.0161,0.5526,2025-04-04,103.6183,stop_loss_atr,103.6183,170.4139,11.1326,0,-18.46,-24.38
ARM,VALUE,2025-03-04,113.2775,0.1,2025-04-04,96.2106,stop_loss_atr,96.2106,139.5875,8.77,1,-1.71,-15.07
CEG,VALUE,2025-03-04,197.8912,3.1341,2025-04-04,174.9303,stop_loss_atr,174.9303,252.7126,18.2738,2,-71.96,-11.6
CVS,MOMENTUM,2025-03-21,64.0402,1.5075,2025-04-04,61.6558,trailing_stop,61.65577824611015,69.3229,1.7609,0,-3.59,-3.72
FAST,VALUE,2025-03-21,36.4114,2.6513,2025-04-04,36.8178,value_trailing_stop,36.81778786815893,38.8351,0.8079,0,1.08,1.12
EXC,MOMENTUM,2025-03-31,45.3155,8.9253,2025-04-04,44.3011,trailing_stop,44.30106294306441,47.9021,0.8622,1,-9.05,-2.24
YUM,MOMENTUM,2025-03-31,154.4279,0.7011,2025-04-04,151.5303,trailing_stop,151.53031932224528,163.0979,2.89,0,-2.03,-1.88
MCD,MOMENTUM,2025-04-03,311.1514,0.2353,2025-04-04,299.1524,trailing_stop,299.1524,329.1499,5.9995,0,-2.82,-3.86
OTIS,MOMENTUM,2025-04-03,101.8127,0.7191,2025-04-04,98.2783,trailing_stop,98.2783,107.1143,1.7672,0,-2.54,-3.47
RSG,MOMENTUM,2025-04-03,245.804,0.2979,2025-04-04,238.1104,trailing_stop,238.1104,257.3444,3.8468,0,-2.29,-3.13
CDNS,VALUE,2025-02-21,254.8313,9.99999999997808e-05,2025-04-07,226.5068,stop_loss_atr,226.5068,286.7291,10.6326,1,-0.0,-11.12
AAPL,VALUE,2025-04-03,202.1726,0.3458,2025-04-07,181.0031,stop_loss_atr,181.0031,223.3421,7.0565,0,-7.32,-10.47
CSCO,VALUE,2025-04-03,56.0346,1.3066,2025-04-07,52.0719,stop_loss_atr,52.0719,59.9973,1.3209,0,-5.18,-7.07
DIS,VALUE,2025-04-03,87.8902,0.41659999999999997,2025-04-07,79.4824,stop_loss_atr,79.4824,96.298,2.8026,0,-3.5,-9.57
EXPE,VALUE,2025-04-03,151.177,0.3437,2025-04-07,129.8803,stop_loss_atr,129.8803,172.4737,7.0989,0,-7.32,-14.09
GS,VALUE,2025-04-03,500.979,0.1147,2025-04-07,437.1606,stop_loss_atr,437.1606,564.7974,21.2728,0,-7.32,-12.74
SBUX,VALUE,2025-04-03,85.411,0.7754,2025-04-07,75.9712,stop_loss_atr,75.9712,94.8508,3.1466,0,-7.32,-11.05
SYK,VALUE,2025-04-03,364.7236,0.2007,2025-04-07,338.1292,stop_loss_atr,338.1292,391.318,8.8648,0,-5.34,-7.29
TSM,VALUE,2025-04-03,155.4935,0.3849,2025-04-07,136.4768,stop_loss_atr,136.4768,174.5102,6.3389,0,-7.32,-12.23
UNP,VALUE,2025-04-03,218.8641,0.3345,2025-04-07,203.8284,stop_loss_atr,203.8284,233.8998,5.0119,0,-5.03,-6.87
BAC,VALUE,2025-04-03,36.4104,1.842,2025-04-09,32.4366,stop_loss_atr,32.4366,40.3842,1.3246,0,-7.32,-10.91
FTNT,VALUE,2025-04-03,89.4624,0.6982,2025-04-09,93.5106,value_trailing_stop,93.5106,99.9465,3.4947,0,2.83,4.53
KLAC,VALUE,2025-04-03,615.5168,0.022199999999999998,2025-04-09,660.49,value_trailing_stop,660.490018095175,698.0243,27.5025,0,1.0,7.31
META,VALUE,2025-04-03,575.1438,0.5906,2025-04-16,500.4099,stop_loss_atr,500.40990000000005,649.8777,24.9113,1,-44.14,-12.99
CVS,MOMENTUM,2025-04-09,67.0297,1.0391,2025-04-17,61.9645,trailing_stop,61.9645,74.6275,2.5326,0,-5.26,-7.56
EXC,VALUE,2025-04-09,42.7882,1.6278,2025-04-17,46.2751,take_profit_atr,43.95814427691357,46.2751,1.1623,0,5.68,8.15
AMZN,VALUE,2025-04-03,188.9333,0.4559,2025-04-21,165.9272,stop_loss_atr,165.9272,211.9394,7.6687,1,-10.49,-12.18
GOOGL,VALUE,2025-03-28,154.0686,0.00010000000000002447,2025-04-24,158.6899,EMA-50 abaixo de EMA-200 — tendência inv,139.1139,169.0233,4.9849,1,0.0,3.0
GILD,VALUE,2025-04-09,102.5496,0.6515,2025-04-25,91.8612,stop_loss_atr,91.8612,113.238,3.5628,0,-6.96,-10.42
HLT,VALUE,2025-04-03,217.8704,0.0016999999999997774,2025-05-02,239.9795,take_profit_atr,226.13999796842674,239.97949999999997,7.3697,1,0.04,10.15
MAR,VALUE,2025-04-03,222.1335,9.99999999999926e-05,2025-05-02,246.9168,take_profit_atr,231.18245736476607,246.9168,8.2611,0,0.0,11.16
WFC,VALUE,2025-04-03,64.4476,5.4831,2025-05-02,71.5843,take_profit_atr,67.41395239269109,71.5843,2.3789,1,39.13,11.07
VRTX,VALUE,2025-04-09,482.4206,0.1412,2025-05-06,433.1081,stop_loss_atr,433.1081,531.7331,16.4375,0,-6.96,-10.22
FAST,VALUE,2025-04-09,37.2592,1.8693,2025-05-07,38.3338,value_trailing_stop,38.33379472795081,40.7902,1.177,0,2.01,2.88
PH,VALUE,2025-04-03,582.8912,0.00010000000000000404,2025-05-07,615.7651,EMA-50 abaixo de EMA-200 — tendência inv,508.8677,656.9147,24.6745,1,0.0,5.64
MS,VALUE,2025-04-03,104.5736,0.5223,2025-05-08,118.5887,take_profit_atr,111.01164201156847,118.5887,4.6717,0,7.32,13.4
ABBV,VALUE,2025-04-09,172.6143,0.3089,2025-05-08,177.6757,value_trailing_stop,177.67572548400722,195.1539,7.5132,0,1.56,2.93
DE,VALUE,2025-04-09,446.8468,0.1245,2025-05-12,502.7836,take_profit_atr,470.05949969624044,502.7836,18.6456,0,6.96,12.52
IBM,VALUE,2025-04-24,222.1881,0.3724,2025-05-13,249.579,take_profit_atr,234.8457532358602,249.579,9.1303,0,10.2,12.33
AMGN,VALUE,2025-04-09,280.1902,0.00029999999999999916,2025-05-14,251.7727,stop_loss_atr,251.7727,308.6077,9.4725,0,-0.01,-10.14
SHOP,VALUE,2025-05-08,94.0235,1.2021,2025-05-14,111.1037,take_profit_atr,100.49319725341797,111.1037,5.6934,0,20.53,18.17
CSCO,VALUE,2025-04-09,56.8363,1.161,2025-05-15,62.8339,take_profit_atr,60.27225979657085,62.8339,1.9992,0,6.96,10.55
CNX,VALUE,2025-04-24,29.3544,12.464599999999999,2025-05-15,33.0072,take_profit_atr,30.774799084472654,33.0072,1.2176,1,45.53,12.44
SO,VALUE,2025-05-13,81.8215,6.0667,2025-05-20,87.1012,take_profit_atr,84.6001478046277,87.1012,1.7599,1,32.03,6.45
RSG,VALUE,2025-05-13,235.4649,0.8828,2025-05-21,250.3188,take_profit_atr,240.7362112134598,250.3188,4.9513,0,13.11,6.31
TTWO,VALUE,2025-05-02,219.5549,0.411,2025-05-22,224.0644,value_trailing_stop,224.06439877929688,244.6283,8.3578,0,1.85,2.05
PG,VALUE,2025-04-24,155.1079,0.0001000000000000249,2025-05-23,161.1819,EMA-50 abaixo de EMA-200 — tendência inv,141.4675,168.7483,4.5468,0,0.0,3.92
RBLX,MOMENTUM,2025-05-02,74.1085,1.391,2025-05-27,83.6188,take_profit_atr,77.53974633789062,83.6188,3.1701,0,13.23,12.83
DE,MOMENTUM,2025-05-15,520.711,0.7676000000000001,2025-05-29,496.813,ATR Trailing Stop atingido: preço 496.94,490.79653644471887,564.0049,14.4313,1,-18.34,-4.59
JNJ,VALUE,2025-05-14,142.4283,0.7292,2025-05-30,152.3829,take_profit_atr,146.1515344461785,152.3829,3.3182,0,7.26,6.99
CEG,MOMENTUM,2025-05-23,296.0082,0.7117,2025-06-03,311.355,trailing_stop,311.35497434814414,330.636,11.5426,0,10.92,5.18
NET,MOMENTUM,2025-05-13,154.3286,3.2553,2025-06-05,174.5162,take_profit_atr,164.29299731445312,174.5162,6.7292,1,65.72,13.08
CL,VALUE,2025-04-24,90.4374,0.00010000000000004871,2025-06-05,87.9056,EMA-50 abaixo de EMA-200 — tendência inv,83.2278,97.647,2.4032,0,-0.0,-2.8
COST,VALUE,2025-04-09,958.7779,0.0676,2025-06-09,992.4567,value_trailing_stop,992.4567023407898,1061.7529,34.325,0,2.28,3.51
LNG,MOMENTUM,2025-06-02,240.9296,0.3878,2025-06-09,229.6312,trailing_stop,229.6311895973517,258.2063,5.7589,0,-4.38,-4.69
HOOD,MOMENTUM,2025-06-05,74.2983,5.3963,2025-06-09,69.3223,trailing_stop,69.32225305175781,84.4716,3.3911,1,-26.85,-6.7
GE,MOMENTUM,2025-05-28,243.7413,2.0881,2025-06-10,242.1471,trailing_stop,242.14711597638845,260.502,5.5869,1,-3.33,-0.65
VST,MOMENTUM,2025-06-03,175.1486,1.2038,2025-06-10,161.039,trailing_stop,161.039,196.313,7.0548,0,-16.99,-8.06
BSX,VALUE,2025-04-09,96.7942,0.5726,2025-06-11,98.9526,value_trailing_stop,98.95259755859375,108.9553,4.0537,0,1.24,2.23
WMT,MOMENTUM,2025-05-30,97.9259,1.4197,2025-06-11,94.9885,trailing_stop,94.98847470818545,104.0039,2.026,0,-4.17,-3.0
BA,MOMENTUM,2025-05-13,204.2246,2.4306,2025-06-12,203.1413,trailing_stop,203.14125305175781,223.01510000000002,6.2635,1,-2.63,-0.53
RTX,MOMENTUM,2025-05-30,134.3726,1.0346,2025-06-13,143.3723,take_profit_atr,136.22958547061071,143.3723,2.9999,0,9.31,6.7
V,MOMENTUM,2025-05-30,362.4186,0.3836,2025-06-13,356.9832,trailing_stop,356.98317031581684,381.1194,6.2336,0,-2.09,-1.5
SHOP,MOMENTUM,2025-05-16,110.7777,0.9378,2025-06-13,105.3137,ATR Trailing Stop atingido: preço 105.34,103.23100061035156,127.7325,5.6516,0,-5.12,-4.93
RBLX,MOMENTUM,2025-05-30,91.8086,4.7783999999999995,2025-06-16,99.5936,take_profit_atr,94.27250213623047,99.5936,2.595,1,37.2,8.48
EXPE,VALUE,2025-05-09,155.4335,0.8345,2025-06-17,160.4829,value_trailing_stop,160.48293782764233,180.0515,8.206,0,4.21,3.25
D,MOMENTUM,2025-05-30,54.8302,2.5355,2025-06-17,52.3482,trailing_stop,52.3482,58.5532,1.241,0,-6.29,-4.53
GWW,MOMENTUM,2025-05-30,1078.4522,0.1289,2025-06-17,1044.4077,trailing_stop,1044.407689060214,1133.7815,18.4431,0,-4.39,-3.16
MA,VALUE,2025-06-13,541.1701,0.7201000000000001,2025-06-20,550.5855,value_trailing_stop,550.5854732758268,572.7271000000001,10.519,1,6.78,1.74
DRI,MOMENTUM,2025-06-17,218.1595,0.5633,2025-06-20,211.5781,trailing_stop,211.5781305710894,230.0554,3.9653,0,-3.71,-3.02
SPOT,MOMENTUM,2025-05-02,644.161,0.1466,2025-06-24,749.6041,take_profit_atr,666.3427250976563,749.6041,35.1477,0,15.46,16.37
HOOD,MOMENTUM,2025-06-09,73.4184,0.8822,2025-06-25,84.5973,take_profit_atr,76.2342530517578,84.5973,3.7263,0,9.86,15.23
CSCO,MOMENTUM,2025-05-15,62.8299,1.6749,2025-06-26,67.3293,take_profit_atr,63.854432774503024,67.3293,1.4998,0,7.54,7.16
SYK,VALUE,2025-06-20,372.0646,0.4811,2025-06-26,390.0367,take_profit_atr,380.4825722161836,390.0367,5.9907,0,8.65,4.83
KMI,VALUE,2025-04-09,24.9398,2.3075,2025-06-27,27.9575,take_profit_atr,25.98730533460663,27.9575,1.0059,0,6.96,12.1
BLK,MOMENTUM,2025-05-15,961.1602,0.41800000000000004,2025-06-27,1032.3421,take_profit_atr,974.9279720143875,1032.3421,23.7273,1,29.75,7.41
AVGO,MOMENTUM,2025-06-06,247.702,1.5955,2025-06-30,272.4562,take_profit_atr,255.49781411950804,272.4562,8.2514,1,39.5,9.99
WMB,VALUE,2025-04-09,56.4961,5.9998,2025-07-01,57.1603,value_trailing_stop,57.160313901457535,63.6856,2.3965,1,3.99,1.18
CI,VALUE,2025-05-14,306.1114,1.3041,2025-07-01,332.6767,take_profit_atr,315.75626528252343,332.6767,8.8551,1,34.64,8.68
TSLA,MOMENTUM,2025-06-23,348.7672,0.5435,2025-07-01,311.4362,trailing_stop,311.4362,404.7637,18.6655,0,-20.29,-10.7
SPOT,MOMENTUM,2025-06-26,774.1688,0.6721,2025-07-01,728.1438,trailing_stop,728.1438,846.0941,23.9751,1,-30.93,-5.95
VST,MOMENTUM,2025-06-27,194.3425,1.1223,2025-07-01,181.2611,trailing_stop,181.2611,213.9646,6.5407,0,-14.68,-6.73
CVS,MOMENTUM,2025-06-20,64.2372,2.7863,2025-07-07,64.0407,trailing_stop,64.04074811677094,68.6907,1.4845,0,-0.55,-0.31
LNG,VALUE,2025-06-09,226.6163,0.2902,2025-07-09,231.1163,value_trailing_stop,231.11630289851712,245.3606,6.2481,0,1.31,1.99
FTNT,VALUE,2025-05-08,97.7644,1.5637,2025-07-10,100.0162,value_trailing_stop,100.01619664306641,110.8951,4.3769,0,3.52,2.3
VRTX,VALUE,2025-05-08,431.213,9.999999999994783e-05,2025-07-10,482.9033,take_profit_atr,450.09979755859376,482.9033,17.2301,1,0.01,11.99
PLTR,VALUE,2025-06-27,130.7727,1.0784,2025-07-16,150.993,take_profit_atr,138.02979450683594,150.993,6.7401,0,21.81,15.46
ETN,MOMENTUM,2025-06-18,343.1058,1.3123,2025-07-17,368.7858,take_profit_atr,355.0413809005112,368.7858,8.56,1,33.7,7.48
TTWO,MOMENTUM,2025-06-20,238.4296,0.7507,2025-07-17,231.2898,trailing_stop,231.28975183105467,254.9779,5.5161,0,-5.36,-2.99
MMM,MOMENTUM,2025-07-17,156.1587,1.3759,2025-07-18,153.6451,trailing_stop,153.64505127798927,165.1476,2.9963,0,-3.46,-1.61
EXPE,MOMENTUM,2025-07-01,173.0903,1.2542,2025-07-22,187.4384,take_profit_atr,177.84410468433177,187.4384,4.7827,0,18.0,8.29
AR,VALUE,2025-07-10,33.7691,14.907399999999999,2025-07-22,34.839,value_trailing_stop,34.83900106811524,37.580600000000004,1.2705,1,15.95,3.17
TT,MOMENTUM,2025-05-30,427.4304,0.3253,2025-07-23,454.5159,take_profit_atr,436.5318792508712,454.5159,9.0285,0,8.81,6.34
ORLY,VALUE,2025-04-24,90.1672,1.1317,2025-07-24,98.3002,take_profit_atr,94.6779984741211,98.3002,2.711,0,9.2,9.02
PH,MOMENTUM,2025-05-30,683.093,0.647,2025-07-25,732.3305,take_profit_atr,693.4158484572712,732.3304999999999,16.4125,1,31.86,7.21
PANW,VALUE,2025-07-10,192.118,1.1077,2025-07-29,199.7044,value_trailing_stop,199.70439938964844,208.1464,5.3428,0,8.4,3.95
PANW,VALUE,2025-07-29,193.8885,1.1526,2025-07-30,176.7618,stop_loss_atr,176.7618,211.0152,5.7089,0,-19.74,-8.83
APP,VALUE,2025-06-27,333.8634,0.3703,2025-07-31,392.7504,take_profit_atr,358.6620134277344,392.7504,19.629,0,21.81,17.64
CVS,VALUE,2025-07-18,58.0726,7.7638,2025-07-31,62.4723,value_trailing_stop,62.47226398202889,62.2585,1.3953,1,34.16,7.58
RBLX,MOMENTUM,2025-07-23,118.6597,1.5427,2025-07-31,139.8945,trailing_stop,139.89449633789062,131.4943,4.2782,0,32.76,17.9
HPE,MOMENTUM,2025-07-10,20.9218,10.1714,2025-08-01,19.6702,trailing_stop,19.6702,22.7992,0.6258,0,-12.73,-5.98
MDT,MOMENTUM,2025-07-11,87.8961,2.4165,2025-08-01,87.2958,trailing_stop,87.29575705714214,92.3193,1.4744,0,-1.45,-0.68
BX,MOMENTUM,2025-07-17,166.4861,1.2906,2025-08-01,164.78,trailing_stop,164.77999378697152,178.7081,4.074,0,-2.2,-1.02
ETN,MOMENTUM,2025-07-17,376.4465,0.5708,2025-08-01,373.3461,trailing_stop,373.34606298152084,402.4028,8.6521,0,-1.77,-0.82
GWW,VALUE,2025-07-17,1013.6097,0.212,2025-08-01,951.108,stop_loss_atr,951.108,1076.1114,20.8339,0,-13.25,-6.17
BKR,MOMENTUM,2025-07-29,44.9849,4.9677,2025-08-01,42.6141,trailing_stop,42.6141,48.5411,1.1854,0,-11.78,-5.27
SMCI,MOMENTUM,2025-07-29,58.6447,3.8106,2025-08-01,55.5725,trailing_stop,55.57250061035156,66.7897,2.715,0,-11.71,-5.24
XOM,VALUE,2025-07-18,104.4669,1.3677,2025-08-04,105.2147,value_trailing_stop,105.21465527090942,110.9088,2.1473,0,1.02,0.72
ABT,VALUE,2025-07-17,120.4626,4.3137,2025-08-05,129.3993,take_profit_atr,123.4684281192307,129.39929999999998,2.9789,1,38.55,7.42
MCD,VALUE,2025-06-16,286.4589,1.3981999999999999,2025-08-06,301.3383,take_profit_atr,295.1826834339812,301.3383,4.9598,1,20.8,5.19
ORLY,MOMENTUM,2025-07-24,98.1845,1.867,2025-08-06,104.1695,take_profit_atr,99.68249816894532,104.1695,1.995,0,11.17,6.1
EXC,VALUE,2025-05-13,41.4634,11.9717,2025-08-07,44.3674,take_profit_atr,42.56782630959916,44.3674,0.968,1,34.77,7.0
V,VALUE,2025-06-13,350.1723,0.2713,2025-08-07,328.4808,stop_loss_atr,328.4808,371.8638,7.2305,0,-5.88,-6.19
CEG,MOMENTUM,2025-07-23,336.8151,1.4689999999999999,2025-08-07,323.6515,trailing_stop,323.651508445412,374.5929,12.5926,1,-19.34,-3.91
ABNB,VALUE,2025-08-06,130.5326,0.559,2025-08-07,120.8171,stop_loss_atr,120.8171,140.2481,3.2385,0,-5.43,-7.44
EXPE,MOMENTUM,2025-08-07,186.5862,0.3959,2025-08-08,199.2507,trailing_stop,199.25072462792536,201.627,5.0136,0,5.01,6.79
IBM,VALUE,2025-07-31,245.0665,2.089,2025-08-12,229.1618,stop_loss_atr,229.1618,262.8031,5.9122,1,-33.22,-6.49
ABBV,VALUE,2025-07-31,184.6836,1.2055,2025-08-14,198.2091,take_profit_atr,191.2885356299227,198.2091,4.5085,0,16.3,7.32
AMAT,VALUE,2025-07-31,178.7934,1.2452,2025-08-15,163.392,stop_loss_atr,163.392,194.1948,5.1338,0,-19.18,-8.61
CDNS,MOMENTUM,2025-07-31,364.6611,0.6105,2025-08-15,345.1411,trailing_stop,345.1411,393.9411,9.76,0,-11.92,-5.35
CVS,VALUE,2025-07-31,60.5774,3.6753,2025-08-15,66.4103,take_profit_atr,63.529527135471355,66.4103,1.9443,0,21.44,9.63
RBLX,MOMENTUM,2025-08-01,125.0613,0.9859,2025-08-15,118.9598,trailing_stop,118.95975183105469,144.4056,6.4481,0,-6.02,-4.88
SHOP,MOMENTUM,2025-08-06,151.8223,2.5248,2025-08-15,142.1719,trailing_stop,142.1719,170.97250000000003,6.3834,1,-24.37,-6.36
WMT,MOMENTUM,2025-08-06,102.5286,0.7116,2025-08-15,99.8147,trailing_stop,99.8147157531133,107.373,1.6148,0,-1.93,-2.65
AZO,MOMENTUM,2025-07-29,3874.8186,0.0577,2025-08-19,4102.5036,take_profit_atr,3948.62236328125,4102.5036,75.895,0,13.14,5.88
AVGO,MOMENTUM,2025-07-31,292.0982,0.7622,2025-08-19,294.9868,trailing_stop,294.98676782243,316.7624,8.2214,0,2.2,0.99
MDT,MOMENTUM,2025-08-18,90.721,0.7123,2025-08-19,88.0314,trailing_stop,88.0314,94.7554,1.3448,0,-1.92,-2.96
OTIS,VALUE,2025-07-25,86.9007,0.00010000000000002468,2025-08-19,87.2252,EMA-50 abaixo de EMA-200 — tendência inv,80.693,94.2342,2.4445,1,0.0,0.37
VZ,VALUE,2025-04-09,39.5569,1.7607,2025-08-20,43.1608,take_profit_atr,41.15212826886148,43.1608,1.2013,0,6.35,9.11
BLK,MOMENTUM,2025-07-17,1089.0675,0.1973,2025-08-20,1098.0737,trailing_stop,1098.0736587127158,1156.548,22.4935,0,1.78,0.83
VST,MOMENTUM,2025-08-07,204.8548,0.3606,2025-08-20,188.7165,trailing_stop,188.71651272513463,233.2444,9.4632,0,-5.82,-7.88
GWW,VALUE,2025-08-01,924.6312,0.00010000000000001109,2025-08-21,987.6014,EMA-50 abaixo de EMA-200 — tendência inv,947.8217968590967,999.1002,24.823,0,0.01,6.81
D,MOMENTUM,2025-08-04,59.1454,2.0316,2025-08-25,57.7426,trailing_stop,57.742608380007766,62.3548,1.0698,0,-2.85,-2.37
DXCM,VALUE,2025-08-05,76.1362,0.0014999999999995696,2025-08-25,77.5012,value_trailing_stop,77.50120061035156,83.4244,2.4294,1,0.0,1.79
V,VALUE,2025-08-07,329.5698,0.2241,2025-08-26,349.2765,take_profit_atr,338.10957235737396,349.2765,6.5689,0,4.42,5.98
NSC,MOMENTUM,2025-08-22,280.8476,0.5484,2025-08-27,269.0436,trailing_stop,269.0436,298.5536,5.902,0,-6.47,-4.2
ABNB,VALUE,2025-08-07,118.6592,0.0007000000000002218,2025-08-28,130.5137,take_profit_atr,122.68699633789062,130.5137,3.9515,1,0.01,9.99
MDLZ,VALUE,2025-08-01,60.6621,0.028199999999999975,2025-09-03,57.8742,stop_loss_atr,57.8742,65.10510000000001,1.481,1,-0.08,-4.6
GOOGL,MOMENTUM,2025-09-02,210.9274,1.0587,2025-09-03,224.5927,take_profit_atr,219.40201737242825,224.5927,4.5551,0,14.47,6.48
PANW,VALUE,2025-07-31,172.2446,3.6538,2025-09-04,192.8099,take_profit_atr,180.76979572753908,192.8099,6.8551,2,75.14,11.94
KLAC,VALUE,2025-08-15,869.5543,0.1911,2025-09-11,959.6746,take_profit_atr,899.7215361011354,959.6746,30.0401,0,17.22,10.36
WMT,VALUE,2025-08-21,97.399,1.7042,2025-09-12,102.8575,take_profit_atr,99.71969777043955,102.8575,1.8195,0,9.3,5.6
RBLX,VALUE,2025-08-15,117.3693,0.8586,2025-09-15,137.4228,take_profit_atr,126.60100122070313,137.4228,6.6845,0,17.22,17.09
GOOGL,MOMENTUM,2025-09-03,230.1988,0.9222,2025-09-15,247.1557,take_profit_atr,237.93681394348792,247.1557,5.6523,0,15.64,7.37
TOL,MOMENTUM,2025-09-04,145.7553,3.6978999999999997,2025-09-15,139.8112,trailing_stop,139.8112030010494,156.71790000000001,3.6542,1,-21.98,-4.08
H,VALUE,2025-08-07,138.7277,0.5324,2025-09-17,139.8742,value_trailing_stop,139.8742008211926,150.5003,3.9242,0,0.61,0.83
LOW,MOMENTUM,2025-08-20,253.5843,0.6564,2025-09-17,270.4905,take_profit_atr,257.02135893514884,270.4905,5.6354,0,11.1,6.67
AMAT,VALUE,2025-08-15,161.8158,0.010999999999999979,2025-09-18,180.9039,take_profit_atr,177.9746652602409,180.9039,6.3627,1,0.21,11.8
BAC,MOMENTUM,2025-09-02,49.6139,4.501,2025-09-19,52.0514,take_profit_atr,50.06201282647187,52.0514,0.8125,0,10.97,4.91
GS,MOMENTUM,2025-09-09,756.361,0.2983,2025-09-23,802.9618,take_profit_atr,778.0459644335024,802.9618,15.5336,0,13.9,6.16
WMB,VALUE,2025-07-01,57.3492,3.7854,2025-09-24,61.8732,take_profit_atr,59.434319127917234,61.8732,1.508,0,17.13,7.89
CTAS,VALUE,2025-08-28,205.2079,2.6084,2025-09-24,196.0409,stop_loss_atr,196.0409,216.0007,3.5976,1,-23.91,-4.47
TTWO,MOMENTUM,2025-09-18,249.8024,0.4566,2025-09-24,242.7848,trailing_stop,242.78475183105468,264.8567,5.0181,0,-3.2,-2.81
CNX,VALUE,2025-08-01,28.9172,9.999999999981637e-05,2025-09-25,32.3387,take_profit_atr,30.349001068115236,32.3387,1.1405,0,0.0,11.83
ETN,VALUE,2025-08-05,352.4489,0.3771,2025-09-25,359.6914,value_trailing_stop,359.6913755116288,382.3562,9.9691,0,2.73,2.05
MS,MOMENTUM,2025-09-11,153.51,3.5327,2025-09-25,154.0102,trailing_stop,154.01022367379042,162.171,2.887,1,1.77,0.33
GOOGL,MOMENTUM,2025-09-15,251.3315,0.902,2025-09-25,241.0157,trailing_stop,241.01569769422878,268.8959,5.8548,0,-9.3,-4.1
MSTR,VALUE,2025-09-18,349.2073,0.2474,2025-09-25,303.1075,stop_loss_atr,303.1075,395.3071,15.3666,0,-11.41,-13.2
TSM,MOMENTUM,2025-09-18,267.2307,0.4268,2025-09-25,268.7495,trailing_stop,268.7495475106924,286.0455,6.2716,0,0.65,0.57
KO,VALUE,2025-09-02,67.6085,3.303,2025-09-26,64.922,stop_loss_atr,64.922,70.295,0.8955,0,-8.87,-3.97
INTC,MOMENTUM,2025-09-18,31.053,13.8787,2025-09-26,35.0868,take_profit_atr,32.93849923706055,35.086800000000004,1.3446,1,55.98,12.99
ABBV,MOMENTUM,2025-09-11,216.4373,2.5125,2025-09-30,217.4786,trailing_stop,217.47855190419386,227.8184,3.7937,1,2.62,0.48
SPOT,MOMENTUM,2025-09-18,734.3035,0.1553,2025-09-30,689.3617,trailing_stop,689.3617,801.7162,22.4709,0,-6.98,-6.12
AES,VALUE,2025-09-04,12.352,18.2497,2025-10-01,13.5712,take_profit_atr,14.138917274964752,13.5712,0.4064,0,22.25,9.87
KLAC,MOMENTUM,2025-09-18,1042.5111,0.1094,2025-10-01,1127.5353,take_profit_atr,1058.5556929207007,1127.5353,28.3414,0,9.3,8.16
ABBV,MOMENTUM,2025-09-30,226.2281,0.6227,2025-10-01,229.1647,trailing_stop,229.16465543920305,238.1912,3.9877,0,1.83,1.3
BSX,VALUE,2025-09-30,97.6544,1.4425,2025-10-01,91.4783,stop_loss_atr,91.4783,103.8305,2.0587,0,-8.91,-6.32
KMI,VALUE,2025-08-06,25.9631,2.8103,2025-10-02,27.8546,take_profit_atr,26.79150144990014,27.8546,0.6305,0,5.32,7.29
HUM,VALUE,2025-09-09,270.1777,0.05929999999999977,2025-10-02,239.497,stop_loss_atr,239.497,300.8584,10.2269,1,-1.82,-11.36
AZO,VALUE,2025-09-18,4125.2069,0.0848,2025-10-02,4184.63,value_trailing_stop,4184.62997578125,4347.2822,74.0251,1,5.04,1.44
PSX,MOMENTUM,2025-09-25,135.8309,0.5976,2025-10-02,130.8822,trailing_stop,130.88223237787543,145.5599,3.243,0,-2.96,-3.64
AES,MOMENTUM,2025-10-01,14.8205,10.7343,2025-10-02,13.8393,trailing_stop,13.8393,16.2923,0.4906,0,-10.53,-6.62
CVS,MOMENTUM,2025-09-09,71.2344,7.5708,2025-10-03,76.3023,take_profit_atr,73.01551797548063,76.30229999999999,1.6893,1,38.37,7.11
CSX,VALUE,2025-08-22,33.0212,14.0544,2025-10-06,35.8433,take_profit_atr,34.13640908410999,35.8433,0.9407,1,39.66,8.55
AMD,VALUE,2025-09-18,157.9595,0.6135,2025-10-06,214.3192,value_trailing_stop,214.31920671386717,176.5457,6.1954,0,34.58,35.68
T,VALUE,2025-10-01,26.3167,18.2283,2025-10-06,25.2988,stop_loss_atr,25.2988,27.6862,0.4565,1,-18.55,-3.87
EXC,MOMENTUM,2025-10-02,44.2133,2.045,2025-10-07,46.1441,take_profit_atr,44.647563631808765,46.1441,0.6436,0,3.95,4.37
CSCO,VALUE,2025-08-15,65.1159,2.6449,2025-10-08,69.663,take_profit_atr,66.97264259638693,69.663,1.5157,0,12.03,6.98
LEN,VALUE,2025-09-17,131.1554,0.8652,2025-10-08,118.8242,stop_loss_atr,118.8242,143.4866,4.1104,0,-10.67,-9.4
ARM,VALUE,2025-09-18,144.2729,1.8215,2025-10-08,157.0912,value_trailing_stop,157.09119450683593,161.40109999999999,5.7094,1,23.35,8.88
APA,MOMENTUM,2025-09-24,23.769,4.4106,2025-10-10,22.8367,trailing_stop,22.83671460811324,26.4921,0.9077,0,-4.11,-3.92
EMR,VALUE,2025-09-26,127.0726,0.5938,2025-10-10,128.3419,value_trailing_stop,128.34191298364058,135.79,2.9058,0,0.75,1.0
COIN,MOMENTUM,2025-10-02,372.163,0.2429,2025-10-10,363.54,trailing_stop,363.54000366210937,418.507,15.448,0,-2.09,-2.32
ARM,MOMENTUM,2025-10-08,166.8117,1.2568,2025-10-10,157.088,trailing_stop,157.08800061035157,184.5381,5.9088,0,-12.22,-5.83
WFC,VALUE,2025-10-10,76.4187,2.6172,2025-10-14,81.3141,value_trailing_stop,81.31410768669124,81.5079,1.6964,0,12.81,6.41
COST,VALUE,2025-09-26,913.0539,0.006799999999999975,2025-10-15,958.0743,take_profit_atr,929.9182871194403,958.0743,15.0068,1,0.31,4.93
DDOG,MOMENTUM,2025-10-08,164.161,1.2771,2025-10-16,153.1848,trailing_stop,153.1848,180.6253,5.4881,0,-14.02,-6.69
BX,VALUE,2025-10-10,149.3202,1.3394,2025-10-16,152.3979,value_trailing_stop,152.39787314530622,163.0254,4.5684,0,4.12,2.06
BLK,MOMENTUM,2025-10-15,1190.4367,0.1511,2025-10-21,1133.7491,trailing_stop,1133.7491,1275.4681,28.3438,0,-8.57,-4.76
NFLX,VALUE,2025-07-18,120.9542,1.1813,2025-10-22,111.4328,stop_loss_atr,111.4328,130.4756,3.1738,0,-11.25,-7.87
HLT,VALUE,2025-09-17,258.8828,1.6763,2025-10-22,274.3895,take_profit_atr,268.8418676694179,274.3895,5.1689,1,25.99,5.99
BSX,VALUE,2025-10-01,95.874,1.6593,2025-10-22,103.3917,take_profit_atr,99.9882,103.3917,2.5059,0,12.47,7.84
SYK,VALUE,2025-10-01,362.3554,0.439,2025-10-22,383.2138,take_profit_atr,376.61220802727985,383.2138,6.9528,0,9.16,5.76
DE,VALUE,2025-10-13,436.4292,0.4318,2025-10-22,466.4613,take_profit_atr,449.19836432614704,466.4613,10.0107,0,12.97,6.88
WMT,MOMENTUM,2025-10-14,106.596,1.6884,2025-10-27,103.9047,trailing_stop,103.90473411285312,112.6206,2.0082,0,-4.54,-2.52
NEE,MOMENTUM,2025-10-06,83.2788,6.607200000000001,2025-10-28,82.0917,trailing_stop,82.09172329768327,88.3917,1.7043,1,-7.84,-1.43
APA,MOMENTUM,2025-10-23,24.232,8.3632,2025-10-28,22.2236,trailing_stop,22.2236,27.2446,1.0042,0,-16.8,-8.29
TTWO,MOMENTUM,2025-09-26,259.2826,1.5237,2025-10-28,251.5071,ATR Trailing Stop atingido: preço 251.57,249.9287585449219,277.1161,5.9445,1,-11.85,-3.0
CVS,MOMENTUM,2025-10-15,78.692,2.2859,2025-10-29,79.1956,trailing_stop,79.195553390484,84.1217,1.8099,0,1.15,0.64
LNG,VALUE,2025-10-15,220.2671,2.2717,2025-10-29,209.8584,stop_loss_atr,209.8584,233.9837,4.5722,1,-23.65,-4.73
BA,VALUE,2025-09-26,215.0522,1.8457999999999999,2025-10-30,205.1237,stop_loss_atr,205.1237,231.2438,5.3972,1,-18.33,-4.62
META,VALUE,2025-10-01,716.3214,0.2221,2025-10-30,724.9569,value_trailing_stop,724.9568628078226,765.7248,16.4678,0,1.92,1.21
DRI,VALUE,2025-09-18,188.3724,0.07560000000000001,2025-10-31,174.6198,stop_loss_atr,174.6198,202.125,4.5842,0,-1.04,-7.3
MGM,VALUE,2025-10-08,32.3281,0.00010000000000021919,2025-10-31,32.022,EMA-50 abaixo de EMA-200 — tendência inv,29.0632,35.593,1.0883,0,-0.0,-0.95
SNOW,MOMENTUM,2025-10-08,250.2726,0.8377,2025-11-03,277.2984,take_profit_atr,258.1485134277344,277.2984,9.0086,0,22.64,10.8
MMM,MOMENTUM,2025-10-22,164.959,1.3114,2025-11-03,160.2411,trailing_stop,160.2410562907214,177.2218,4.0876,0,-6.19,-2.86
AES,MOMENTUM,2025-10-02,13.7791,6.5618,2025-11-03,13.2933,ATR Trailing Stop atingido: preço 13.30 ,13.10582553718506,15.4042,0.5417,0,-3.19,-3.53
ETN,VALUE,2025-10-22,357.5907,0.605,2025-11-04,368.0041,value_trailing_stop,368.0040749209787,390.8964,11.1019,0,6.3,2.91
PLTR,MOMENTUM,2025-11-03,207.2318,0.263,2025-11-04,192.0516,trailing_stop,192.0516,230.0021,7.5901,0,-3.99,-7.33
NET,MOMENTUM,2025-11-03,248.172,0.2196,2025-11-05,228.7798,trailing_stop,228.7798,277.2603,9.6961,0,-4.26,-7.81
SHOP,MOMENTUM,2025-11-03,172.9832,0.3151,2025-11-05,159.922,trailing_stop,159.922,192.575,6.5306,0,-4.12,-7.55
EMR,MOMENTUM,2025-11-04,136.104,0.4553,2025-11-05,129.7458,trailing_stop,129.7458,145.6413,3.1791,0,-2.89,-4.67
SNPS,VALUE,2025-09-18,480.23,9.99999999999925e-05,2025-11-06,392.0087,stop_loss_atr,392.0087,568.4513,29.4071,0,-0.01,-18.37
AMZN,MOMENTUM,2025-11-03,254.0635,0.2145,2025-11-07,239.2817,trailing_stop,239.2817,276.2362,7.3909,0,-3.17,-5.82
RRC,VALUE,2025-10-29,34.8306,2.3935,2025-11-11,38.6442,take_profit_atr,36.26025595984137,38.6442,1.2712,0,9.13,10.95
ORLY,VALUE,2025-11-03,91.7229,0.5943,2025-11-11,98.544,take_profit_atr,94.87259816894532,98.544,2.2737,0,4.05,7.44
WFC,MOMENTUM,2025-10-15,85.1219,2.1132,2025-11-14,82.3888,trailing_stop,82.38881032024057,91.5014,2.1265,0,-5.78,-3.21
DDOG,MOMENTUM,2025-11-06,190.8677,0.3597,2025-11-14,182.1365,trailing_stop,182.13650244140626,214.3319,7.8214,0,-3.14,-4.57
MRVL,MOMENTUM,2025-11-06,93.2395,0.7364,2025-11-14,84.5283,trailing_stop,84.5283,106.3063,4.3556,0,-6.41,-9.34
KMI,VALUE,2025-10-23,25.2433,20.907,2025-11-17,27.0052,take_profit_atr,25.860699436651583,27.005200000000002,0.5873,1,36.84,6.98
BLK,VALUE,2025-11-04,1019.1217,0.3727,2025-11-18,1040.9296,value_trailing_stop,1040.9296452612443,1088.6254000000001,23.1679,1,8.13,2.14
ETN,VALUE,2025-11-04,374.5679,0.1654,2025-11-18,337.2203,stop_loss_atr,337.2203,411.9155,12.4492,0,-6.18,-9.97
MU,MOMENTUM,2025-11-14,246.6884,0.8726,2025-11-18,227.2299,trailing_stop,227.22989524296239,286.451,13.2542,0,-16.98,-7.89
BKNG,VALUE,2025-10-08,200.0722,2.6496000000000004,2025-11-19,187.5131,stop_loss_atr,187.5131,217.0012,5.643,1,-33.28,-6.28
PSX,MOMENTUM,2025-10-29,134.7761,0.6774,2025-11-19,131.1192,trailing_stop,131.1192388010015,145.2752,3.4997,0,-2.48,-2.71
AZO,VALUE,2025-11-03,3661.9051,0.1017,2025-11-25,3960.5116,take_profit_atr,3763.019087890625,3960.5116,99.5355,1,30.37,8.15
ORCL,VALUE,2025-11-14,205.8315,1.8825,2025-11-25,185.8128,stop_loss_atr,185.8128,241.56300000000002,11.9105,1,-37.69,-9.73
SPOT,VALUE,2025-11-04,605.5535,1.0908,2025-11-26,623.2228,value_trailing_stop,623.2227951171875,673.4618,22.6361,2,19.27,2.92
TJX,MOMENTUM,2025-11-19,144.9605,1.0335,2025-11-26,152.7617,take_profit_atr,147.21948779376112,152.7617,2.6004,0,8.06,5.38
HD,VALUE,2025-11-19,330.2258,0.0070999999999999865,2025-12-01,354.6044,take_profit_atr,341.3188920064443,354.6044,8.1262,0,0.17,7.38
LOW,VALUE,2025-11-19,226.3591,0.6619,2025-12-01,241.9558,take_profit_atr,236.74066894370756,241.9558,5.1989,0,10.32,6.89
BKNG,VALUE,2025-11-19,186.893,0.025099999999999997,2025-12-02,204.1526,take_profit_atr,194.67665895897176,204.1526,5.7532,0,0.43,9.24
IQV,MOMENTUM,2025-10-29,217.8845,0.419,2025-12-04,218.5543,trailing_stop,218.55425305175783,236.7794,6.2983,0,0.28,0.31
LVS,MOMENTUM,2025-11-13,64.8982,3.5638,2025-12-04,64.8792,trailing_stop,64.8791653302121,70.6579,1.9199,0,-0.07,-0.03
MA,VALUE,2025-11-18,526.0165,0.4339,2025-12-04,557.1823,take_profit_atr,536.4268695281495,557.1823,10.3886,0,13.52,5.92
WYNN,MOMENTUM,2025-12-01,132.167,1.7601,2025-12-04,122.8136,trailing_stop,122.8136,146.1971,4.6767,0,-16.46,-7.08
SO,VALUE,2025-11-05,86.5615,4.6256,2025-12-05,87.0374,value_trailing_stop,87.03735224830395,91.2538,1.5641,1,2.2,0.55
KO,MOMENTUM,2025-11-07,69.5969,1.4328,2025-12-05,69.7366,trailing_stop,69.73659948647666,72.8075,1.0702,0,0.2,0.2
HPE,VALUE,2025-11-18,20.6471,8.1195,2025-12-05,21.3908,value_trailing_stop,21.3907725836343,23.4572,0.9367,0,6.04,3.6
EXC,VALUE,2025-11-04,45.5996,1.359,2025-12-08,43.0412,stop_loss_atr,43.0412,48.158,0.8528,0,-3.48,-5.61
ABT,VALUE,2025-10-15,128.0266,1.405,2025-12-09,119.7823,stop_loss_atr,119.7823,136.2709,2.7481,0,-11.58,-6.44
BX,VALUE,2025-11-03,138.6604,0.000299999999999771,2025-12-09,152.5369,take_profit_atr,145.39210927574712,152.5369,4.6255,2,0.0,10.01
AZO,VALUE,2025-12-08,3767.9017,0.0617,2025-12-09,3530.4943,stop_loss_atr,3530.4943,4005.3091,79.1358,0,-14.65,-6.3
VST,VALUE,2025-10-28,190.1129,0.2673,2025-12-10,161.315,stop_loss_atr,161.315,218.9108,9.5993,0,-7.7,-15.15
LNG,VALUE,2025-10-29,209.8797,9.999999999998789e-05,2025-12-10,196.164,stop_loss_atr,196.16400000000002,223.5954,4.5719,1,-0.0,-6.54
BLK,VALUE,2025-11-18,1006.2771,0.5394,2025-12-10,1076.4417,take_profit_atr,1036.960328943299,1076.4417,23.3882,1,37.85,6.97
WMB,MOMENTUM,2025-12-04,62.7023,3.728,2025-12-10,59.7009,trailing_stop,59.7009,67.2044,1.5007,0,-11.19,-4.79
V,VALUE,2025-11-18,319.9359,0.17830000000000004,2025-12-11,333.2166,value_trailing_stop,333.2166052038232,338.9433,6.3358,0,2.37,4.15
SPOT,VALUE,2025-12-03,559.5821,0.9676,2025-12-11,619.7402,take_profit_atr,579.853584375,619.7402,20.0527,1,58.21,10.75
META,VALUE,2025-11-03,624.8571,0.0020000000000000243,2025-12-12,665.0533,value_trailing_stop,665.0532965395189,691.9965,22.3798,2,0.08,6.43
VLO,MOMENTUM,2025-11-19,177.3128,0.8449,2025-12-12,166.5866,trailing_stop,166.5866476496005,194.5706,5.7526,0,-9.06,-6.05
ORCL,VALUE,2025-11-25,190.4963,2.2301,2025-12-15,198.9266,value_trailing_stop,198.92662267748554,228.0221,12.5086,1,18.8,4.43
EMR,VALUE,2025-11-05,130.8768,0.5787,2025-12-17,132.5394,value_trailing_stop,132.5394405199631,141.6867,3.6033,0,0.96,1.27
CVI,VALUE,2025-12-10,31.269,14.571200000000001,2025-12-19,27.731,stop_loss_atr,27.731,35.1414,1.2908,1,-51.55,-11.31
HOLX,MOMENTUM,2025-10-22,73.9485,2.9254,2025-12-24,74.4814,ATR Trailing Stop atingido: preço 74.50 ,70.76749633789062,79.4355,1.829,0,1.56,0.72
TOL,VALUE,2025-12-09,132.5218,1.4035,2025-12-30,135.1506,value_trailing_stop,135.15057259008665,144.8185,4.0989,0,3.69,1.98
FAST,VALUE,2025-10-13,41.9282,0.00010000000000003878,2025-12-31,39.6877,EMA-50 abaixo de EMA-200 — tendência inv,38.443999999999996,45.4124,1.1614,1,-0.0,-5.34
WFC,MOMENTUM,2025-12-10,89.7559,1.8021,2026-01-05,95.6665,take_profit_atr,91.8033599692398,95.6665,1.9702,0,10.65,6.59
BKR,VALUE,2025-12-16,44.3268,10.211500000000001,2026-01-05,48.561,take_profit_atr,46.95235437220467,48.561,1.4114,1,43.24,9.55
T,VALUE,2025-10-22,24.4447,9.999999999983369e-05,2026-01-06,23.3849,stop_loss_atr,23.3849,26.058400000000002,0.5379,1,-0.0,-4.34
AZO,VALUE,2025-12-09,3449.2368,0.0001999999999999926,2026-01-06,3211.4664,stop_loss_atr,3211.4664,3735.4146,95.3926,1,-0.05,-6.89
TT,VALUE,2025-12-17,381.4754,0.5033,2026-01-06,351.4961,stop_loss_atr,351.4961,411.4547,9.9931,0,-15.09,-7.86
CVX,MOMENTUM,2026-01-05,160.8302,1.4399,2026-01-06,155.3238,trailing_stop,155.3238,169.0898,2.7532,0,-7.93,-3.42
KMI,MOMENTUM,2026-01-05,27.3856,8.4564,2026-01-06,26.4626,trailing_stop,26.4626,28.7701,0.4615,0,-7.81,-3.37
XOM,MOMENTUM,2026-01-05,123.7213,1.8718,2026-01-06,119.5655,trailing_stop,119.5655,129.955,2.0779,0,-7.78,-3.36
BLK,MOMENTUM,2026-01-05,1113.8391,0.2079,2026-01-07,1074.8951,trailing_stop,1074.8951,1172.2551,19.472,0,-8.1,-3.5
NOC,MOMENTUM,2026-01-06,608.8127,0.2362,2026-01-07,587.1926,trailing_stop,587.1925597667814,643.4021,11.5298,0,-5.11,-3.55
BSX,VALUE,2025-12-08,93.0975,9.999999999978056e-05,2026-01-08,99.8478,take_profit_atr,96.3998015258789,99.84779999999999,2.2501,1,0.0,7.25
CVI,VALUE,2026-01-05,24.9856,20.3173,2026-01-09,22.5543,stop_loss_atr,22.5543,28.1509,1.0551,1,-49.4,-9.73
KO,VALUE,2026-01-05,67.4353,8.1722,2026-01-09,69.8425,take_profit_atr,68.57266532214409,69.8425,0.8024,1,19.67,3.57
DHI,VALUE,2026-01-07,138.5293,0.6883,2026-01-09,150.5068,take_profit_atr,148.72250059568782,150.5068,3.9925,0,8.24,8.65
LLY,MOMENTUM,2025-12-19,1090.0001,0.4796,2026-01-12,1056.3964,trailing_stop,1056.3963815037457,1178.4626,29.4875,1,-16.12,-3.08
ARM,VALUE,2025-12-15,118.9277,0.00010000000000031937,2026-01-12,111.1122,EMA-50 abaixo de EMA-200 — tendência inv,106.4416,136.8872,5.9865,2,-0.0,-6.57
BIIB,VALUE,2025-12-19,174.8437,1.1725,2026-01-13,179.4336,value_trailing_stop,179.43359694824218,190.9933,5.3832,0,5.38,2.63
SLB,MOMENTUM,2026-01-05,43.5541,5.3172,2026-01-14,47.3521,take_profit_atr,44.28518396932544,47.3521,1.266,0,20.19,8.72
GM,MOMENTUM,2025-12-10,80.6293,2.0061,2026-01-15,80.5218,trailing_stop,80.52178660603028,85.9777,1.7828,0,-0.22,-0.13
SO,VALUE,2025-12-05,83.6538,0.00010000000000023246,2026-01-15,87.3429,EMA-50 abaixo de EMA-200 — tendência inv,84.68566435248954,88.15950000000001,1.5019,1,0.0,4.41
XYL,VALUE,2025-11-18,139.3273,1.638,2026-01-20,140.4306,value_trailing_stop,140.43062476328663,147.7636,2.8121,0,1.81,0.79
ORCL,VALUE,2025-12-15,178.4686,0.0010000000000002253,2026-01-20,183.6498,value_trailing_stop,183.6497700725562,213.6091,11.7135,1,0.01,2.9
ABBV,VALUE,2025-12-19,223.2141,0.9184,2026-01-20,208.746,stop_loss_atr,208.746,237.6822,4.8227,0,-13.29,-6.48
ETN,VALUE,2025-12-17,314.0491,0.00010000000000000762,2026-01-20,335.5292,EMA-50 abaixo de EMA-200 — tendência inv,324.7524100450472,348.2497,11.4002,0,0.0,6.84
ORLY,VALUE,2025-12-10,92.4247,5.195600000000001,2026-01-21,98.7529,take_profit_atr,94.75120122070312,98.7529,2.1094,1,32.88,6.85
AMGN,VALUE,2025-12-19,322.771,0.6351,2026-01-21,325.0174,value_trailing_stop,325.01740097815184,343.8238,7.0176,0,1.43,0.7
JNJ,MOMENTUM,2026-01-20,217.1104,1.0421,2026-01-21,209.8578,trailing_stop,209.8578,227.9893,3.6263,0,-7.56,-3.34
RBLX,VALUE,2025-12-18,82.6021,0.00010000000000020813,2026-01-21,75.6611,EMA-50 abaixo de EMA-200 — tendência inv,71.7288,94.8043,4.0674,1,-0.0,-8.4
CEG,VALUE,2025-12-17,321.7078,2.1825,2026-01-22,341.5309,value_trailing_stop,341.5308998378942,375.5221,17.9381,2,43.26,6.16
HAL,MOMENTUM,2026-01-05,31.9179,17.2786,2026-01-23,34.7916,take_profit_atr,32.98385023903227,34.7916,0.9579,1,49.65,9.0
INTC,MOMENTUM,2026-01-20,48.5721,4.6579,2026-01-23,48.59,trailing_stop,48.589998474121096,55.7841,2.404,0,0.08,0.04
WMT,MOMENTUM,2026-01-15,119.0564,4.4529,2026-01-27,115.4745,trailing_stop,115.4744807536994,125.8547,2.2661,1,-15.95,-3.01
BA,MOMENTUM,2026-01-20,249.0623,0.9084,2026-01-27,240.8228,trailing_stop,240.82275610351562,265.295,5.4109,0,-7.48,-3.31
MU,MOMENTUM,2026-01-20,364.938,0.6199,2026-01-27,415.0146,take_profit_atr,374.5446327092956,415.0146,16.6922,0,31.04,13.72
MAR,MOMENTUM,2026-01-15,324.6023,0.6566,2026-01-28,310.9521,trailing_stop,310.9521,345.0776,6.8251,0,-8.96,-4.21
AES,VALUE,2026-01-20,13.4465,16.8254,2026-01-28,14.6462,take_profit_atr,14.117459839829738,14.6462,0.3999,0,20.19,8.92
AR,VALUE,2026-01-05,32.8882,0.0001000000000001923,2026-01-28,34.4514,EMA-50 abaixo de EMA-200 — tendência inv,29.0773,36.6991,1.2703,0,0.0,4.75
SWK,MOMENTUM,2026-01-08,80.6157,1.1905,2026-01-28,78.4298,ATR Trailing Stop atingido: preço 78.45 ,77.843044080834,88.2744,2.5529,0,-2.6,-2.71
COIN,VALUE,2025-11-17,258.2504,9.999999999978056e-05,2026-01-29,203.8138,stop_loss_atr,203.8138,318.4526,20.0674,1,-0.01,-21.08
LVS,VALUE,2026-01-07,61.1304,6.793,2026-01-29,57.0393,stop_loss_atr,57.039300000000004,65.2215,1.3637,1,-27.79,-6.69
CRWD,VALUE,2026-01-20,442.8407,0.475,2026-01-29,455.4572,value_trailing_stop,455.45721220703126,490.4549,15.8714,0,5.99,2.85
WM,MOMENTUM,2026-01-28,230.7404,0.9545,2026-01-29,223.7942,trailing_stop,223.7942,241.1597,3.4731,0,-6.63,-3.01
RRC,VALUE,2025-12-16,34.3783,9.999999999978124e-05,2026-01-30,38.2531,take_profit_atr,35.73722561335304,38.2531,1.2916,0,0.0,11.27
MDT,VALUE,2025-12-19,97.1414,2.1104,2026-01-30,101.9927,take_profit_atr,98.95148659360521,101.9927,1.6171,0,10.24,4.99
LOW,MOMENTUM,2026-01-21,275.8551,0.235,2026-01-30,263.7076,trailing_stop,263.70760617752313,295.425,6.5233,0,-2.85,-4.4
SNOW,VALUE,2025-12-10,198.3086,2.1902,2026-02-02,215.1936,value_trailing_stop,215.19359755859375,229.9832,10.5582,1,36.98,8.51
AAPL,VALUE,2026-01-20,246.8591,2.2141,2026-02-02,260.2184,value_trailing_stop,260.21836769074946,261.5141,4.885,1,29.58,5.41
MPC,VALUE,2025-12-16,173.6777,2.6149999999999998,2026-02-03,175.5421,value_trailing_stop,175.54208422540734,189.35629999999998,5.2262,1,4.88,1.07
ISRG,VALUE,2026-01-20,526.607,1.0505,2026-02-03,486.9462,stop_loss_atr,486.9462,567.2327,13.5419,1,-41.66,-7.53
SHOP,VALUE,2026-01-28,133.7876,3.6717,2026-02-03,120.6853,stop_loss_atr,120.6853,152.057,6.0898,1,-48.11,-9.79
HOOD,VALUE,2026-01-29,92.871,4.8952,2026-02-03,94.3066,value_trailing_stop,94.30660305175782,107.8611,4.9967,1,7.03,1.55
MRK,MOMENTUM,2026-01-30,109.4866,1.5123,2026-02-03,111.535,trailing_stop,111.53504379798197,116.7514,2.4216,0,3.1,1.87
PEP,MOMENTUM,2026-01-30,153.3365,3.2064,2026-02-03,155.5435,trailing_stop,155.54349618139338,161.0756,2.5797,1,7.08,1.44
HPE,VALUE,2026-01-20,20.635,25.9056,2026-02-04,21.7144,value_trailing_stop,21.71438721332267,22.7746,0.7132,1,27.96,5.23
CAT,MOMENTUM,2026-01-29,664.1419,0.2866,2026-02-04,676.4713,trailing_stop,676.471346705755,718.5193,18.1258,0,3.53,1.86
CTRA,MOMENTUM,2026-01-29,27.864,6.8303,2026-02-04,30.351,take_profit_atr,28.340872079326587,30.351,0.829,0,16.99,8.93
TTWO,VALUE,2026-01-30,221.3545,2.2211,2026-02-04,200.0917,stop_loss_atr,200.0917,242.6173,7.0876,1,-47.23,-9.61
PLTR,VALUE,2026-02-02,155.0639,2.8649000000000004,2026-02-04,151.3258,value_trailing_stop,151.3258029296875,175.69219999999999,6.8761,1,-10.71,-2.41
TJX,VALUE,2026-01-28,146.9289,1.4989,2026-02-05,154.3323,take_profit_atr,150.50436985473524,154.3323,2.4678,0,11.1,5.04
IQV,VALUE,2026-02-03,202.9788,2.3199,2026-02-05,180.5601,stop_loss_atr,180.5601,226.2396,7.7536,1,-52.01,-11.04
TRGP,MOMENTUM,2026-01-29,199.5678,0.9537,2026-02-09,215.1126,take_profit_atr,204.02626768302758,215.1126,5.1816,0,14.83,7.79
BDX,MOMENTUM,2026-02-03,162.0512,3.0362,2026-02-09,157.6887,trailing_stop,157.6886759680827,172.56799999999998,3.5056,1,-13.25,-2.69
CSCO,MOMENTUM,2026-02-04,80.7428,2.2989,2026-02-09,85.9745,take_profit_atr,82.4200198046882,85.9745,1.7439,0,12.03,6.48
XYL,VALUE,2026-01-28,135.0959,1.6302,2026-02-10,136.1113,value_trailing_stop,136.1113139191963,144.6593,3.1878,0,1.66,0.75
BKNG,VALUE,2026-02-03,184.4273,0.33340000000000003,2026-02-10,167.2351,stop_loss_atr,167.2351,202.6013,6.058,1,-5.73,-9.32
COP,MOMENTUM,2026-01-29,101.279,1.8792,2026-02-11,109.3142,take_profit_atr,103.06773697584285,109.3142,2.6784,0,15.1,7.93
PH,MOMENTUM,2026-01-29,944.737,0.2015,2026-02-11,1001.4871,take_profit_atr,962.9148802105185,1001.4871,18.9167,0,11.44,6.01
BDX,MOMENTUM,2026-02-10,170.6332,1.1826,2026-02-11,169.7363,trailing_stop,169.73629818405027,183.9637,4.4435,0,-1.06,-0.53
EXC,VALUE,2025-12-19,43.3002,4.7345,2026-02-12,46.4899,value_trailing_stop,46.48994459292378,45.6084,0.7694,0,15.1,7.37
HOOD,VALUE,2026-02-03,80.3749,8.3923,2026-02-12,70.6818,stop_loss_atr,70.6818,96.7849,5.47,2,-81.35,-12.06
VZ,MOMENTUM,2026-02-03,45.5761,3.737,2026-02-12,48.5833,take_profit_atr,46.98954875569801,48.5833,1.0024,0,11.24,6.6
APP,VALUE,2026-02-04,377.156,0.9844,2026-02-12,398.93,value_trailing_stop,398.93,501.76099999999997,41.535,1,21.43,5.77
FAST,MOMENTUM,2026-02-04,48.0361,3.8642,2026-02-12,45.6567,trailing_stop,45.6567,51.6052,1.1897,0,-9.19,-4.95
SHOP,VALUE,2026-02-03,119.4706,5.6767,2026-02-13,124.736,value_trailing_stop,124.73600610351562,141.0166,7.182,2,29.89,4.41
EXPE,VALUE,2026-02-03,235.5098,1.8334,2026-02-17,199.3124,stop_loss_atr,199.31240000000003,271.7072,12.0658,1,-66.36,-15.37
AVGO,VALUE,2026-02-04,307.482,0.4197,2026-02-17,322.1266,value_trailing_stop,322.12664190077436,351.6957,14.7379,0,6.15,4.76
ADI,MOMENTUM,2026-02-04,320.5699,1.5573000000000001,2026-02-18,346.9597,take_profit_atr,332.25927809484676,346.9597,8.7966,1,41.1,8.23
CRWD,VALUE,2026-02-04,390.0038,0.06739999999999997,2026-02-20,398.4456,value_trailing_stop,398.4456061035156,441.6104,17.2022,1,0.57,2.16
V,VALUE,2026-01-13,326.61,9.999999999999651e-05,2026-02-23,305.6169,stop_loss_atr,305.6169,347.6031,6.9977,0,-0.0,-6.43
IR,MOMENTUM,2026-02-04,95.7731,6.6711,2026-02-23,93.9617,trailing_stop,93.96165673868273,104.1107,2.7792,2,-12.08,-1.89
D,MOMENTUM,2026-02-12,64.9718,7.8673,2026-02-23,63.6513,trailing_stop,63.651250966218356,68.8193,1.2825,1,-10.39,-2.03
ABNB,VALUE,2026-02-03,120.9416,0.008000000000000226,2026-02-26,132.8375,take_profit_atr,129.54939572753906,132.8375,3.9653,1,0.1,9.84
APA,MOMENTUM,2026-02-04,27.2047,6.8232,2026-02-26,27.368,trailing_stop,27.367999218468096,30.2191,1.0048,0,1.11,0.6
PR,MOMENTUM,2026-02-10,16.7239,12.0665,2026-02-26,16.9528,trailing_stop,16.952779809124436,18.2233,0.4998,0,2.76,1.37
WMB,MOMENTUM,2026-02-10,68.3655,2.9518,2026-02-26,73.9947,take_profit_atr,70.25992846214284,73.9947,1.8764,0,16.62,8.23
JPM,VALUE,2026-01-13,309.3943,0.3082,2026-03-03,288.9322,stop_loss_atr,288.9322,329.8564,6.8207,0,-6.31,-6.61
MTD,VALUE,2026-01-20,1356.6198,0.4054,2026-03-03,1383.1122,value_trailing_stop,1383.1122,1467.0765,36.8189,1,10.74,1.95
CAT,MOMENTUM,2026-02-12,757.0383,0.249,2026-03-03,720.877,trailing_stop,720.8769977489641,830.9982,24.6533,0,-9.0,-4.78
EXPE,VALUE,2026-02-17,202.6614,2.0356,2026-03-05,244.0296,take_profit_atr,224.65119572753906,244.0296,13.7894,1,84.21,20.41
PSX,MOMENTUM,2026-02-27,153.2559,1.2408,2026-03-05,166.3527,take_profit_atr,157.4834287568475,166.3527,4.3656,0,16.25,8.55
ISRG,VALUE,2026-02-03,478.7638,0.11240000000000011,2026-03-06,484.6322,value_trailing_stop,484.6322048828125,519.6355,13.6239,1,0.66,1.23
HON,MOMENTUM,2026-03-03,242.5778,0.9578,2026-03-06,234.4055,trailing_stop,234.40549267613903,256.3934,4.6052,0,-7.83,-3.37
MRVL,VALUE,2026-03-05,75.661,2.2322,2026-03-06,86.2839,value_trailing_stop,86.28387017596985,86.2651,3.5347,0,23.71,14.04
TRGP,MOMENTUM,2026-02-27,234.6803,0.8103,2026-03-09,232.6242,trailing_stop,232.6242069472545,254.0321,6.4506,0,-1.67,-0.88
MTD,VALUE,2026-03-03,1299.295,0.4306,2026-03-09,1207.7623,stop_loss_atr,1207.7623,1408.5718000000002,36.4256,1,-39.41,-7.04
CEG,VALUE,2026-01-22,287.5803,9.999999999979097e-05,2026-03-11,300.2057,value_trailing_stop,300.20574326637774,336.52590000000004,16.3152,1,0.0,4.39
LOW,VALUE,2026-02-25,261.8289,0.5668,2026-03-12,239.0514,stop_loss_atr,239.0514,284.6064,7.5925,0,-12.91,-8.7
BA,VALUE,2026-03-06,231.1678,0.8343,2026-03-12,209.4001,stop_loss_atr,209.4001,252.9355,7.2559,0,-18.16,-9.42
AR,MOMENTUM,2026-03-02,37.0893,4.676,2026-03-16,41.7327,take_profit_atr,37.92050091552734,41.7327,1.5478,0,21.71,12.52
XYL,VALUE,2026-02-12,125.7053,0.00010000000000000755,2026-03-16,121.0397,EMA-50 abaixo de EMA-200 — tendência inv,113.39,138.0206,4.1051,0,-0.0,-3.71
TTWO,VALUE,2026-02-09,195.6102,9.999999999977818e-05,2026-03-18,203.8206,value_trailing_stop,203.8206018310547,221.4993,8.6297,1,0.0,4.2
MPC,MOMENTUM,2026-03-02,213.9332,2.3478,2026-03-18,235.3466,take_profit_atr,220.01770718505975,235.3466,7.1378,1,50.27,10.01
SBUX,MOMENTUM,2026-03-12,99.6211,1.4983,2026-03-18,94.2935,trailing_stop,94.2935,107.6125,2.6638,0,-7.98,-5.35
EMR,VALUE,2026-02-12,143.8796,1.2152,2026-03-19,128.3735,stop_loss_atr,128.3735,159.3857,5.1687,0,-18.84,-10.78
EXC,MOMENTUM,2026-02-27,48.8844,10.6168,2026-03-19,48.1923,trailing_stop,48.19225152587891,51.8337,0.9831,1,-7.35,-1.42
EOG,MOMENTUM,2026-03-02,127.6907,1.3582,2026-03-19,138.1769,take_profit_atr,130.55001898410552,138.1769,3.4954,0,14.24,8.21
LNG,MOMENTUM,2026-03-18,265.671,0.4171,2026-03-19,278.6735,trailing_stop,278.6734932604177,289.8201,8.0497,0,5.42,4.89
IQV,VALUE,2026-02-10,178.7004,0.00010000000000000712,2026-03-19,166.4284,EMA-50 abaixo de EMA-200 — tendência inv,154.4027,206.7933,9.3643,1,-0.0,-6.87
HPE,VALUE,2026-03-10,20.9701,6.3329,2026-03-24,22.1948,value_trailing_stop,22.19479984741211,23.5429,0.8576,0,7.76,5.84
IBM,VALUE,2026-02-23,226.2518,0.00020000000000001123,2026-03-27,235.4396,value_trailing_stop,235.4396171138843,260.8088,11.519,1,0.0,4.06
MTD,VALUE,2026-03-09,1194.2099,0.0031999999999999984,2026-03-27,1220.507,value_trailing_stop,1220.506990234375,1313.4344,39.7415,1,0.08,2.2
CTRA,MOMENTUM,2026-03-19,33.9565,13.858600000000001,2026-03-30,36.8377,take_profit_atr,34.47900106811523,36.8377,0.9604,1,39.93,8.48
AR,MOMENTUM,2026-03-19,43.3108,3.4073,2026-03-31,41.7683,trailing_stop,41.76825,48.0889,1.5927,0,-5.26,-3.56
BLK,VALUE,2026-03-06,957.1772,0.00010000000000000754,2026-03-31,961.4696,EMA-50 abaixo de EMA-200 — tendência inv,842.4965,1071.8579,38.2269,1,0.0,0.45
LNG,MOMENTUM,2026-03-19,280.6582,1.4768,2026-04-01,275.5803,trailing_stop,275.58026500202357,310.19530000000003,9.8457,1,-7.5,-1.81
GWW,VALUE,2026-03-19,1040.4509,0.4523,2026-04-02,1078.4933,value_trailing_stop,1078.4932884497487,1119.9635,26.5042,1,17.21,3.66
ABBV,VALUE,2026-03-20,203.4336,0.4332,2026-04-02,206.5604,value_trailing_stop,206.56036109555006,221.5473,6.0379,0,1.35,1.54
CVS,VALUE,2026-03-20,70.8758,1.2433,2026-04-07,77.0639,take_profit_atr,73.78080459389366,77.0639,2.0627,0,7.69,8.73
JNJ,VALUE,2026-03-20,235.4288,0.3743,2026-04-07,238.8464,value_trailing_stop,238.8464067138672,247.9742,4.1818,0,1.28,1.45
LLY,VALUE,2026-03-20,905.3682,0.0973,2026-04-07,914.676,value_trailing_stop,914.6759914677158,995.8566,30.1628,0,0.91,1.03
BA,VALUE,2026-03-19,196.8906,2.3118,2026-04-08,219.3552,take_profit_atr,205.8736061035156,219.3552,7.4882,1,51.93,11.41
GOOGL,VALUE,2026-03-24,283.1543,1.5159,2026-04-08,306.0032,take_profit_atr,306.84738657226563,306.0032,7.6163,1,34.64,8.07
OKE,MOMENTUM,2026-03-31,89.342,1.3356,2026-04-08,84.126,trailing_stop,84.126,97.166,2.608,0,-6.97,-5.84
OXY,MOMENTUM,2026-03-31,65.0162,1.8354,2026-04-08,60.7782,trailing_stop,60.7782,71.3732,2.119,0,-7.78,-6.52
TRGP,MOMENTUM,2026-03-31,249.5394,0.4782,2026-04-08,236.6952,trailing_stop,236.6952,268.8057,6.4221,0,-6.14,-5.15
NSC,VALUE,2026-03-19,277.0609,0.5326,2026-04-09,294.7879,take_profit_atr,283.4346360501058,294.7879,5.909,0,9.44,6.4
D,VALUE,2026-03-20,59.3948,1.4836,2026-04-09,63.3704,take_profit_atr,61.92960183105469,63.3704,1.3252,0,5.9,6.69
MRVL,MOMENTUM,2026-03-31,104.6996,4.2262,2026-04-09,121.0466,take_profit_atr,108.2864753486648,121.04660000000001,5.449,1,69.09,15.61
WFC,VALUE,2026-02-27,79.2811,6.3031,2026-04-14,80.2507,value_trailing_stop,80.25073268621522,88.2157,2.9782,1,6.11,1.22
NEE,VALUE,2026-03-20,89.5224,0.8007,2026-04-14,91.73,value_trailing_stop,91.72999908447265,96.2424,2.24,0,1.77,2.47
GE,VALUE,2026-03-19,288.2682,1.5897999999999999,2026-04-16,297.9326,value_trailing_stop,297.9326146484375,320.0793,10.6037,1,15.36,3.35
HOOD,VALUE,2026-02-12,71.1378,9.999999999998572e-05,2026-04-17,90.9924,take_profit_atr,80.08359969482422,90.9924,6.6182,0,0.0,27.91
PH,VALUE,2026-03-06,921.8672,0.2092,2026-04-17,998.9513,take_profit_atr,975.2900224054456,998.9513,25.6947,0,16.13,8.36
DHI,VALUE,2026-03-12,134.4778,9.999999999977777e-05,2026-04-17,149.3185,take_profit_atr,142.69449404796322,149.3185,4.9469,1,0.0,11.04
LOW,VALUE,2026-03-19,228.6698,0.6454,2026-04-17,248.7074,take_profit_atr,240.94092079263336,248.7074,6.6792,0,12.93,8.76
PHM,VALUE,2026-03-19,117.8795,1.2519,2026-04-17,129.3422,take_profit_atr,121.74819938964843,129.3422,3.8209,0,14.35,9.72
MDT,VALUE,2026-03-06,90.4606,0.00019999999999999242,2026-04-21,83.9104,stop_loss_atr,83.9104,97.0108,2.1834,1,-0.0,-7.24
TOL,VALUE,2026-03-13,136.3766,3.0334000000000003,2026-04-21,151.2275,take_profit_atr,143.9794048828125,151.2275,4.9503,1,45.05,10.89
NET,VALUE,2026-04-09,173.2989,2.6931,2026-04-22,211.5171,take_profit_atr,186.47119694824218,211.5171,12.7394,1,102.93,22.05
CMCSA,VALUE,2026-03-18,28.2487,0.0004999999999997797,2026-04-23,30.4134,value_trailing_stop,30.41340183105469,30.7486,0.8333,0,0.0,7.66
LMT,VALUE,2026-04-20,575.7694,1.0108000000000001,2026-04-23,534.4495,stop_loss_atr,534.4495,622.7452000000001,15.6586,1,-41.77,-7.18
TXN,MOMENTUM,2026-04-22,235.1741,0.4132,2026-04-23,267.9764,trailing_stop,267.9764021430355,252.8228,5.8829,0,13.55,13.95
INTC,MOMENTUM,2026-04-09,61.7354,3.9693,2026-04-24,71.0867,take_profit_atr,77.42725122070313,71.0867,3.1171,0,37.12,15.15
ARM,MOMENTUM,2026-04-22,202.8594,2.2063,2026-04-24,230.9493,take_profit_atr,214.27174267578124,230.9493,9.3633,1,61.97,13.85
ARM,MOMENTUM,2026-04-24,234.8687,0.4079,2026-04-27,211.5275,trailing_stop,211.5275,269.8805,11.6706,0,-9.52,-9.94
UPS,VALUE,2026-03-06,99.1771,5.2453,2026-04-28,100.1404,value_trailing_stop,100.14042058829287,109.048,3.2903,1,5.05,0.97
AMD,MOMENTUM,2026-04-24,347.897,0.2754,2026-04-28,320.255,trailing_stop,320.255,389.36,13.821,0,-7.61,-7.95
BIIB,VALUE,2026-03-20,182.9798,2.2931,2026-04-29,185.738,value_trailing_stop,185.73799938964845,198.20780000000002,5.076,1,6.32,1.51
H,MOMENTUM,2026-04-17,172.5231,0.6691,2026-04-29,159.7629,trailing_stop,159.7629,191.6634,6.3801,0,-8.54,-7.4
LLY,VALUE,2026-04-29,849.9597,0.1054,2026-04-30,929.7591,take_profit_atr,890.6755895675202,929.7591,26.5998,0,8.41,9.39
YUM,VALUE,2026-04-27,156.2298,2.8280999999999996,2026-05-01,157.146,value_trailing_stop,157.1459932861328,165.82080000000002,3.197,1,2.59,0.59
CL,VALUE,2026-03-20,84.6154,1.0414,2026-05-04,85.301,value_trailing_stop,85.30099633789062,90.6739,2.0195,0,0.71,0.81
IR,VALUE,2026-04-17,85.7974,1.2432,2026-05-04,76.5142,stop_loss_atr,76.5142,95.0806,3.0944,0,-11.54,-10.82
INTC,MOMENTUM,2026-04-24,91.9394,4.8115000000000006,2026-05-05,104.8061,take_profit_atr,99.75775335693359,104.8061,4.2889,1,61.91,13.99
BDX,VALUE,2026-03-20,146.1004,3.0061,2026-05-06,151.7802,value_trailing_stop,151.78020244140626,158.7151,4.2049,1,17.07,3.89
D,MOMENTUM,2026-04-30,64.5161,1.3184,2026-05-06,62.4238,trailing_stop,62.42375061035156,68.3396,1.2745,0,-2.76,-3.24
FTNT,VALUE,2025-08-15,80.3336,9.99999999995698e-05,2026-05-07,92.4245,take_profit_atr,104.32939938964844,92.42450000000001,4.0303,1,0.0,15.05
BKR,MOMENTUM,2026-04-23,67.7757,6.5388,2026-05-07,65.2458,trailing_stop,65.24584038927853,73.6911,1.9718,1,-16.54,-3.73
NEE,MOMENTUM,2026-04-23,97.5686,4.5476,2026-05-07,93.3547,trailing_stop,93.35475,104.0429,2.1581,1,-19.16,-4.32
MGM,MOMENTUM,2026-04-27,40.5601,2.2585,2026-05-07,37.7087,trailing_stop,37.7087,44.8372,1.4257,0,-6.44,-7.03
WMB,MOMENTUM,2026-04-30,76.176,5.7252,2026-05-07,73.1373,trailing_stop,73.13725366210937,81.30330000000001,1.7091,1,-17.4,-3.99
BAC,MOMENTUM,2026-04-15,54.3336,1.9627,2026-05-08,51.7648,trailing_stop,51.7648,58.1868,1.2844,0,-5.04,-4.73
MCD,VALUE,2026-04-27,292.0083,0.18910000000000005,2026-05-08,276.3948,stop_loss_atr,276.39480000000003,307.6218,5.2045,1,-2.95,-5.35
NET,MOMENTUM,2026-05-07,256.8542,0.3556,2026-05-08,232.265,trailing_stop,232.265,293.738,12.2946,0,-8.74,-9.57
EXPE,VALUE,2026-05-07,233.6009,1.7978999999999998,2026-05-11,220.3308,stop_loss_atr,220.3308,266.1233,10.8408,1,-23.86,-5.68
TSM,MOMENTUM,2026-04-24,402.5606,0.238,2026-05-12,386.6993,trailing_stop,386.69925,442.5215,13.3203,0,-3.78,-3.94
TJX,VALUE,2026-05-06,150.0526,3.1121,2026-05-12,151.0968,value_trailing_stop,151.09684382414372,158.78140000000002,2.9096,1,3.25,0.7
TXN,MOMENTUM,2026-04-24,275.8079,0.3473,2026-05-13,303.8636,take_profit_atr,285.94025732421875,303.8636,9.3519,0,9.74,10.17
BIIB,MOMENTUM,2026-04-29,197.2599,2.2245,2026-05-14,190.5453,trailing_stop,190.54525122070314,215.7696,6.1699,1,-14.94,-3.4
CSCO,MOMENTUM,2026-05-12,101.5307,4.0174,2026-05-14,108.6749,take_profit_atr,113.40650061035156,108.6749,2.3814,1,28.7,7.04
F,MOMENTUM,2026-05-14,14.4836,3.9026,2026-05-15,13.4512,trailing_stop,13.4512,16.0322,0.5162,0,-4.03,-7.13
REGN,VALUE,2026-04-29,685.5077,0.1307,2026-05-18,619.2926,stop_loss_atr,619.2926,751.7228,22.0717,0,-8.65,-9.66
AMAT,MOMENTUM,2026-05-14,436.7313,0.9283,2026-05-19,405.7622,trailing_stop,405.7622,488.2725,17.1804,1,-28.75,-7.09
AES,VALUE,2026-04-24,14.286,31.2179,2026-05-20,14.6247,take_profit_atr,14.504199542236329,14.624699999999999,0.1129,1,10.57,2.37
GOOGL,MOMENTUM,2026-04-30,384.8962,0.221,2026-05-20,383.1272,trailing_stop,383.1272353515625,415.4755,10.1931,0,-0.39,-0.46
ARM,MOMENTUM,2026-05-07,213.3633,0.3011,2026-05-20,258.8517,take_profit_atr,221.53300244140624,258.8517,15.1628,0,13.7,21.32
TJX,VALUE,2026-05-13,147.3548,4.7328,2026-05-20,153.912,value_trailing_stop,153.91199633789063,157.3718,3.339,2,31.03,4.45
COST,MOMENTUM,2026-05-19,1094.5935,0.1122,2026-05-21,1053.1969,trailing_stop,1053.1969,1156.6884,20.6983,0,-4.64,-3.78
HPE,MOMENTUM,2026-05-13,33.8374,12.0586,2026-05-22,34.8487,trailing_stop,34.848748931884764,37.3129,1.1585,1,12.2,2.99
XOM,MOMENTUM,2026-05-15,157.9595,0.5522,2026-05-22,153.3117,trailing_stop,153.31174267578126,170.4014,4.1473,0,-2.57,-2.94
WFC,VALUE,2026-04-15,79.8535,9.999999999997854e-05,2026-05-22,76.3809,backtest_end_mtm,72.6082,87.0988,2.4151,0,-0.0,-4.35
JNJ,VALUE,2026-04-21,226.2165,0.4784,2026-05-22,234.2814,backtest_end_mtm,212.0442,240.3888,4.7241,0,3.86,3.57
RRC,VALUE,2026-04-22,43.2608,2.0364,2026-05-22,41.0397,backtest_end_mtm,38.4899,48.0317,1.5903,0,-4.52,-5.13
CSX,MOMENTUM,2026-04-23,46.1915,1.9525,2026-05-22,45.5086,backtest_end_mtm,44.2392516784668,49.1924,1.0003,0,-1.33,-1.48
HON,VALUE,2026-04-23,212.2937,2.0876,2026-05-22,227.863,backtest_end_mtm,217.34940549316406,229.7546,5.8203,1,32.5,7.33
LMT,VALUE,2026-04-23,516.8224,0.8575,2026-05-22,533.1067,backtest_end_mtm,477.7551,568.9897,17.3891,1,13.96,3.15
NOC,VALUE,2026-04-23,567.5679,0.6397,2026-05-22,555.4411,backtest_end_mtm,532.2136,623.1612,18.5311,2,-7.76,-2.14
RTX,VALUE,2026-04-23,174.5792,2.5385,2026-05-22,176.9657,backtest_end_mtm,162.8368,190.3433,5.2547,1,6.06,1.37
UNP,MOMENTUM,2026-04-23,271.3278,0.3324,2026-05-22,265.8135,backtest_end_mtm,261.6007438964844,289.0869,5.9197,0,-1.83,-2.03
KO,MOMENTUM,2026-04-28,78.3696,1.2191,2026-05-22,81.4596,backtest_end_mtm,78.92050366210937,82.857,1.4958,0,3.77,3.94
EXC,VALUE,2026-05-06,45.0313,2.6147,2026-05-22,46.2184,backtest_end_mtm,41.9992,48.0634,1.0107,0,3.1,2.64
H,MOMENTUM,2026-05-07,170.5126,0.5357,2026-05-22,174.1065,backtest_end_mtm,162.4852481689453,188.7343,6.0739,0,1.93,2.11
PR,VALUE,2026-05-07,20.085,4.0542,2026-05-22,20.4349,backtest_end_mtm,17.8326,22.3374,0.7508,0,1.42,1.74
BIIB,VALUE,2026-05-14,191.4178,0.2953,2026-05-22,193.7116,backtest_end_mtm,172.3297,210.5059,6.3627,0,0.68,1.2
CSCO,MOMENTUM,2026-05-14,117.8584,3.44,2026-05-22,120.3799,backtest_end_mtm,112.08250091552735,128.3074,3.483,1,8.67,2.14
F,MOMENTUM,2026-05-15,14.6074,30.5184,2026-05-22,14.9263,backtest_end_mtm,13.539249809265137,16.3003,0.5643,1,9.73,2.18
T,VALUE,2026-05-15,24.036,3.629,2026-05-22,25.2537,backtest_end_mtm,24.21640030517578,25.8564,0.6068,0,4.42,5.07
TOL,VALUE,2026-05-15,126.8534,3.4395000000000002,2026-05-22,134.2964,backtest_end_mtm,114.02839999999999,139.67839999999998,4.275,1,25.6,5.87
D,MOMENTUM,2026-05-18,68.0101,6.745100000000001,2026-05-22,67.6531,backtest_end_mtm,64.86499938964843,72.84009999999999,1.61,1,-2.41,-0.52
REGN,VALUE,2026-05-18,629.3865,0.7034,2026-05-22,638.7203,backtest_end_mtm,555.7056,703.0673999999999,24.5603,1,6.57,1.48
BLK,VALUE,2026-05-19,1036.5591,0.1185,2026-05-22,1072.7317,backtest_end_mtm,960.0321,1113.0861,25.509,0,4.29,3.49
ADI,VALUE,2026-05-20,398.1495,0.3128,2026-05-22,396.9707,backtest_end_mtm,357.5067,438.7923,13.5476,0,-0.37,-0.3
ARM,MOMENTUM,2026-05-20,288.268,1.5704,2026-05-22,306.4334,backtest_end_mtm,273.14425,338.4949,16.7423,1,28.53,6.3
GS,MOMENTUM,2026-05-20,982.3655,0.1295,2026-05-22,996.4808,backtest_end_mtm,940.7962353515625,1059.842,25.8255,0,1.83,1.44
